Zespół zgłaszający potrzebę,Projekt,Cel biznesowy,KPI,Opis problemu,Opis badania,Korzyść dla Banku/Obszaru/Zespołu,TAI - refined_zadania,TAI - tagi,TAI - uwagi,TAI - tok myslenia,Dodatkowe
ZRKiWS,Automatyczne kodowanie rozmów w celu faktycznego określenia tematu rozmowy,Oszczędność czasu,AHT,"Na podstawie tego, o czym była rozmowa narzędzie określa kod rozmowy",Jak automatycznie przypisać do transkrypcji właściwy kod tematu (jedno- lub wieloetykietowy) na podstawie słownika/katalogu tematów?,"Uwolnienie czasu doradcy, eliminacja błędów w kodowaniu (poprawne kodowanie rozmowy)",Jak automatycznie przypisać do transkrypcji właściwy kod tematu (jedno- lub wieloetykietowy) na podstawie słownika/katalogu tematów?,"service, kategoryzacja-rozmow, multi-label-klasyfikacja, frazy-ekstrakcja, baza-wektorowa-tematy, retrieval+reranking, thresholding, human-in-the-loop, scoring-jakosci",wieloetapowe:3-4,"1) Zdefiniować taksonomię tematów; 2) Zbudować wektorową bazę tematów i przykładów; 3) Klasyfikacja (multi-label) z retrieval+reranking; 4) Kalibracja progów, ewaluacja i pętla HIL.","do pogadania z zespołem Patryka/Ewy - co oni mają gdzie się przecinamy. jakim sposobem klasyfikują tą rozmowę - czy robią odwołania do jakiejś bazy produktowej (wektorwej), czy mają listę kodów rozmów, czy robią nowe kody na podstawie rozmów, czy wymyślili nowe kody z pomocą podsumowań llm"
ZRKiWS,Ocena jakości propozycji sprzedażowych doradców,Wzrost sprzedaży,SC,"Czy doradca powiedział o ofercie kredytu wyłącznie kierując klienta do zakładki Oferta czy jednak zaproponował dany produkt mowiąc o nim szerzej (wówczas stwierdzamy że mamy do czynienia z efektywnym i jakościowym ofertowaniem i takim, które ma większą szansę na przełożenie się na sprzedaż)","Jak odróżnić ""puste"" odesłanie do zakładki Oferta od jakościowego ofertowania (język korzyści, obiekcje, CTA) i ocenić jego jakość?","chcemy na bieżąco weryfikować jakość propozycji doradców, wyodrębnimy doradców, którzy potrzebują doszkolenia","Jak odróżnić ""puste"" odesłanie do zakładki Oferta od jakościowego ofertowania (język korzyści, obiekcje, CTA) i ocenić jego jakość?","ofertowanie, frazy-binary, frazy-ekstrakcja, frazy-clustering, llm-ocena-argumentow, scoring-oferty",wieloetapowe:3,"1) Binary: czy było ofertowanie; 2) Ekstrakcja i klasteryzacja argumentów; 3) LLM/klasyfikator oceny jakości (skala), walidacja vs sprzedaż.",ekstrakcja fraz i llm ocena jakości jest opcjonalne dla mnie - ale fajny dodatek
ZRKiWS,Weryfikacja wykorzystywania szans sprzedażowych w rozmowach,Wzrost sprzedaży,Ofertowanie,"Wykrywanie fraz z poziomu tego, co powiedział doraca. Aktywne słuchanie - parafrazy - ""Wspominał Pan o tym…"", "" Idealne rozwiązanie dla Pana to…"", "" Na podstawie tego co Pan powiedział najlepszym produktem będzie…""","Czy doradca wykorzystuje aktywne słuchanie i parafrazuje wypowiedzi klienta, aby dopasować ofertę do jego potrzeb?","działanie w celu podniesienia sprzedaży, weryfikacja wykorzystywania szans sprzedażowych w rozmowach","Czy doradca wykorzystuje aktywne słuchanie i parafrazuje wypowiedzi klienta, aby dopasować ofertę do jego potrzeb?","aktywne-słuchanie, frazy-binary, frazy-ekstrakcja, pair-classification-agent-client, opportunity-detection, service-to-sales",wieloetapowe:3,1) Detekcja parafrazy/odniesień do wypowiedzi klienta; 2) Detekcja szans (słowa kluczowe klienta); 3) Powiązanie i scoring wykorzystania szans.,
ZRKiWS,Mierzalność szkolenia sprzedażowego Kredyt gotówkowy,Wzrost sprzedaży,Realizacja celu na KG,"Czy doradca proponuje większą kwotę niż podana przez klienta - czyli np. czy w rozmowie doradca użył sformułowań: ""Może przyda się większa kwota, zawsze można wcześniej nadpłacić a nie będzie trzeba kolejny raz wnioskować""",Czy doradca proponuje klientowi większą kwotę kredytu niż początkowo wskazana przez klienta?,"zwiększenie realizacji planów sprzedażowych - volumen kredytu, ocena skuteczności szkolenia ( po szkoleniu), weryfikacja osób które potrzebują doszkolenia",Czy doradca proponuje klientowi większą kwotę kredytu niż początkowo wskazana przez klienta?,"kredyt-got, ofertowanie, frazy-binary, frazy-ekstrakcja, llm-ocena-argumentacji, szkolenie-skutecznosc",wieloetapowe:2-3,1) Binary: czy padła propozycja wyższej kwoty; 2) Ekstrakcja argumentów; 3) Ocena jakości argumentacji vs efekt/sprzedaż.,
ZRKiWS,Dashboard doradcy,Wzrost sprzedaży,"SC, E2E","Weryfikacja ile % rozmów doradcy jest w jakich tematach, ile % miał szans sprzedażowych, ile % finalizacji, szacowanie ile przepadło i jakie plany",Jaki jest rozkład tematyczny rozmów doradcy i jaki procent stanowią szanse sprzedażowe oraz finalizacje?,"Dokładna analiza potencjału rozmów doradców, dashbord pozwoliłby na stały dostęp do śledzenia swoich wyników i wyciąganie wniosków",Jaki jest rozkład tematyczny rozmów doradcy i jaki procent stanowią szanse sprzedażowe oraz finalizacje?,"dashboard, agregacja-metryk, kategoryzacja-rozmow, opportunity-detection, finalizacja-binary, join-z-crm, scoring-doradcy",wieloetapowe:4 (zależne),"1) Zależności: klasyfikacja tematów, szanse, finalizacja; 2) Agregacja per doradca; 3) Dashboard/raport; 4) Walidacja vs KPI sprzedażowe.",
ZRKiWS,S2S - dopasowanie sprzedaży do potrzeb klienta,Wzrost sprzedaży,Ofertowanie,"Wykrywanie fraz z poziomu tego, co powiedział klient. Słowa klienta, na podstawie których można dopasować produkt - np. klient wspomniał że posiada samochód zatem czy doradca zaproponował ubezpieczenie motor oraz czy odnotował w systemie datę końca polisy.",Czy doradca identyfikuje potrzeby klienta na podstawie jego wypowiedzi i dopasowuje do nich odpowiednie produkty?,"Działanie w celu podniesienia sprzedaży, weryfikacja wykorzystywania szans sprzedażowych w rozmowach, ocena aktualnego działania i ewentualna prognoza nowych szkoleń",Czy doradca identyfikuje potrzeby klienta na podstawie jego wypowiedzi i dopasowuje do nich odpowiednie produkty?,"cross-sell, need-to-product-mapping, frazy-klient-ekstrakcja, baza-wektorowa-produktow, retrieval+reranking, rekomendacje, compliance-odnotowanie",wieloetapowe:4,1) Ekstrakcja potrzeb klienta; 2) Retrieval produktów (wektor+reranking); 3) Detekcja reakcji doradcy (czy zaproponował); 4) Audyt zapisu w systemie.,"Jeśli ucieknie szansa sprzedażowa - nie wychwyci jeden doradca, to potencjalne szanse sprzedażowe powinny się odkładac w bazie wektorowej na potrzeby kolejnych kampanii - aby doradcy mogli je wykorzystać"
ZRKiWS,Sentyment rozmowy,NPS,NPS,"W jaki sposób zmieniała się rozmowa np. rozpoczynała się pozytywnie, a kończyła negatywnie",Jak zmienia się sentyment rozmowy w czasie jej trwania i jakie czynniki wpływają na te zmiany?,"Analiza tonacji i słownictwa klienta/doradcy, np. flustracja, niezadowolenie. Wzrost NPS i retencji",Jak zmienia się sentyment rozmowy w czasie jej trwania i jakie czynniki wpływają na te zmiany?,"nps, sentyment-czasowy, segmentacja-rozmowy, diarization-tekstowa, frazy-emocje, timeline-analiza",wieloetapowe:3,1) Segmentacja transkrypcji; 2) Klient vs doradca; 3) Sentyment/emocje per segment i trend.,
ZRKiWS,Propozycja finalizacji zdalnej,Wzrost sprzedaży,"SC, E2E",Wykrywanie fraz dotyczących propozycji wspólnego przejścia założenia produktu w bankowości elektronicznej,Czy doradca zaproponował asystę digital i wspólne przejście procesu zdalnego?,"Digitalizacja selfservice,",Czy doradca zaproponował asystę digital i wspólne przejście procesu zdalnego?,"self-service, asysta-digital, frazy-binary, finalizacja-zdalna",,Binary detekcja fraz asysty digital i CTA do przejścia procesu; raport udziału.,
ZRKiWS,Oferty specjalne/Promocje,Wzrost sprzedaży,"SC, E2E","najlepsze rozwiązania i promocje, które dzieją się w Banku",Jak wykrywać odniesienia do ofert/promocji i mierzyć ich użycie per temat/produkt?,"Pozwoli na stałą weryfikację wykorzystywania ofert specjalnych w Banku, wyodrębnimy doradców, którzy nie mają skłonności do propozycji dodatkowych opcji dla klientów",Jak wykrywać odniesienia do ofert/promocji i mierzyć ich użycie per temat/produkt?,"promocje, frazy-binary, frazy-ekstrakcja, baza-wektorowa-promocji, retrieval+reranking",wieloetapowe:3,1) Słownik/wektorowa baza promocji; 2) Detekcja i ekstrakcja; 3) Agregacja vs sprzedaż.,"potencjał do mierzenia nie tylko per doradx, ale również per produkt - czym mamy wystarczającą ilość proponowania danego produktu/rpomocji (w np. wybranych grupach, z podziałem na segmenty), i porównywać przy jakiej ilości propozycji obserwujemy wystarczającą sprzedaż"
ZRKiWS,Weryfikacja jakie propozycje są najbardziej skuteczne per produkt,Wzrost sprzedaży,SC,"Wykrywa nazwę produktu lub kategorię np. polecenie konkretnej karty oraz użytej propozycji sprzedażowej, porównujemy z raportem sprzedażowym czy była sprzedaż",Które frazy/oferty dla danego produktu korelują ze sprzedażą?,"weryfikacja skuteczności poleceń na dany produkt, poprawa skryptów rozmowy, materiałów wspierajacych",Które frazy/oferty dla danego produktu korelują ze sprzedażą?,"produkt-ner, baza-wektorowa, frazy-ekstrakcja, frazy-clustering, join-z-crm, uplift-analiza",wieloetapowe:4,1) NER produktów; 2) Ekstrakcja/klastry fraz; 3) Połączenie ze sprzedażą; 4) Ranking skuteczności.,"raczej przez bazę wektorową, ale można spróbować ner; opcjonalny krok - generowanie lepszych komunikatów sprzedażowych przez llm - podpowiedzi"
ZRKiWS,Bezpieczeństwo - Edukacja,"wzrost bezpieczeństwa Klienta, NPS",NPS,"informowanie klientów przez doradców o kwestii bezpieczeństwa w Banku - cyber rescue, przezorność co do haseł/udostępniania karty osobom trzecim itp.",Czy doradca edukuje klienta w temacie bezpieczeństwa i używa właściwych komunikatów?,"Chcemy by doradcy działali prewencyjnie i nie ignorowali sygnałów w rozmowach, gdy klient nawiązuje do kwestii bezpieczeństwa, zmierzymy w ilu rozmowach doradcy nie reagują na potrzeby klientów odnośnie bezpieczeństwa",Czy doradca edukuje klienta w temacie bezpieczeństwa i używa właściwych komunikatów?,"bezpieczenstwo, edukacja, frazy-ekstrakcja, baza-wektorowa-bezpieczenstwo, compliance",wieloetapowe:2-3,1) Detekcja tematów bezpieczeństwa; 2) Ekstrakcja komunikatów; 3) Ocena kompletności/jakości.,
ZRKiWS,Bezpieczeństwo - Liczba i rodzaj fraudów,Efektywność operacyjna,minimalizacja strat operacyjnych,"Na podstawie słów klienta określa rodzaj fraudu - np.. Klient powie, że wszedł w link, wówczas kategoryzuje to jako phishing",Jak klasyfikować rozmowy do znanych typów fraudów i liczyć ich wolumen?,"Do budowania nowych modeli antyfraudowych, określania częstotliwości występowania danego fraudu i również budowania świadomości u klientów, określenie jakiego rodzaju fraud wystąpił w rozmowie na podstawie znanych modeli fraudowych - phishing, vishing, fraud inwestycyjny etc.",Jak klasyfikować rozmowy do znanych typów fraudów i liczyć ich wolumen?,"bezpieczenstwo, fraud-klasyfikacja, słownik-fraudow, baza-wektorowa-fraudy, retrieval+reranking, frazy-ekstrakcja, fraud",wieloetapowe:3,1) Taksonomia fraudów; 2) Klasyfikacja + ekstrakcja sygnałów; 3) Agregacja/alertowanie.,
ZRKiWS,Bepieczeństwo - Punkty styczne,Wzrost bezpieczeństwa,minimalizacja strat operacyjnych,"Jeśli w danej liczbie rozmów pojawią się punkty styczne np. klient powie, że ktoś dodał jego kartę do portfela cyfrowego i nie będą one przypisane do znanych nam metod fraudowych (np. nie będzie to vishing) to system będzie odkładał takie rozmowy i wyłapywał tę powtarzalność",Jak wykrywać nowe/nieznane wzorce fraudowe (nienależące do obecnej taksonomii)?,"By odpowiednio reagować na nowo pojawiające się metody oszusztów i dopasowywać do tego działania doradców oraz generować odpowiednią komunikację. Stała wiedza na temat aktualnej sytuacji w rozmowach dotyczących fraudu pozwoli na dopasowanie reguł antyfraudowych, procesów i metody działań naszych doradców",Jak wykrywać nowe/nieznane wzorce fraudowe (nienależące do obecnej taksonomii)?,"bezpieczenstwo, novelty-detection, frazy-clustering, frazy-ekstrakcja, candidate-review, baza-wektorowa-indykatory, fraud",wieloetapowe:4,1) Filtr znanych fraudów; 2) Clustering reszty; 3) Detekcja anomalii/nowych tematów; 4) Przegląd i aktualizacja słownika.,"tutaj można by dodać human in the loop - wysyłka do cyber, fraudów, jeśli zaświeci nam się lampa"
ZRKiWS,Wiedza merytoryczna - Przewalutowanie,"Redukcja liczby reklamacji, wzrost NPS","NPS, FCR","informacje na temat przewalutowania, weryfikacja czy w rozmowie padły wszystkie niezbedne informacje",Czy doradca przekazał komplet wymaganych informacji dot. przewalutowania?,"Dzięki temu będziemy na bieżąco weryfikować merytorykę doradców i poprawność udzielania odpowiedzi klientom szczególnie na potrzeby badań Newsweek, Instytucja Roku, Forbes, zwiększenie merytoryki, wyodrębnienie osób, które potrzebują dodatkowych szkoleń itp.",Czy doradca przekazał komplet wymaganych informacji dot. przewalutowania?,"checklista-merytoryczna, frazy-binary, baza-wektorowa-procedury, retrieval, llm-ocena-pokrycia",wieloetapowe:3,1) Zdefiniować checklistę; 2) Detekcja/odniesienie do wzorca; 3) Ocena pokrycia i raport.,dubel 16
ZRKiWS,Wiedza merytoryczna - Przelewy walutowe,"Redukcja liczby reklamacji, wzrost NPS","NPS, FCR",informacje na temat przelewów walutowych oraz zagranicznych,Czy doradca przekazał komplet informacji dot. przelewów walutowych?,"Dzięki temu będziemy na bieżąco weryfikować merytorykę doradców i poprawność udzielania odpowiedzi klientom szczególnie na potrzeby badań Newsweek, Instytucja Roku, Forbes, zwiększenie merytoryki, wyodrębnienie osób, które potrzebują dodatkowych szkoleń itp.",Czy doradca przekazał komplet informacji dot. przelewów walutowych?,"checklista-merytoryczna, frazy-binary, baza-wektorowa-procedury, retrieval, llm-ocena-pokrycia",wieloetapowe:3,Analogicznie do przewalutowania: checklista → detekcja → ocena pokrycia.,dubel 15
ZRKiWS,JAO/POG/PUS,"Redukcja liczby reklamacji, wzrost NPS","NPS, FCR","weryfikacja udzielanych informacji pełnomocnikom, przedstawicielom ustawowym i współwłaścicielom kont",Czy doradca stosuje poprawne reguły obsługi JAO/POG/PUS?,"By minimalizować udzielanie błędnych odpowiedzi przez doradców, by mierzyć merytorykę oraz skuteczność prowadzonych szkoleń",Czy doradca stosuje poprawne reguły obsługi JAO/POG/PUS?,"compliance, role-uprawnienia, frazy-binary, baza-wektorowa-procedury, retrieval",wieloetapowe:3,Checklista ról/uprawnień → detekcja → raport naruszeń/braków.,
ZRKiWS,Selfservice,Wzrost selfservice,,"weryfikacja czy w rozmowie doradcy informują klientów o możliwościach zdalnych - np.otwarcia konta zdalnie - ""Nie musi Pan/i iść do Oddziału, może Pan/i to zrobić zdalnie""",Czy doradca promuje możliwości samoobsługi?,"Pozwoli na określenie w jak wielu rozmowach doradcy nie proponują selfservice, Edukacja doradców",Czy doradca promuje możliwości samoobsługi?,"self-service, frazy-binary, asysta-digital",,Detekcja fraz promujących samoobsługę; udział w rozmowach obsługowych.,
ZRKiWS,"Nieuczciwa sprzedaż - wykorzystanie ""Coś ekstra"" przez zespoły utrzymaniowe",Eliminowanie nieetycznej sprzedaży,minimalizacja strat wewnętrznych operacyjnych,Wyłapanie tych sytuacji,"Jak wykryć schemat: najpierw sprzedaż KK tylko po to, by od razu użyć oferty retencyjnej (misselling)?","Minimalizowanie nieetycznej sprzedaży , działania doradców zmierzają w tym celu by klient założył kartę kredytową i wówczas przedstawią ofertę retencyjną","Jak wykryć schemat: najpierw sprzedaż KK tylko po to, by od razu użyć oferty retencyjnej (misselling)?","misselling, karta-kredytowa, retencja, pattern-detection, frazy-binary, compliance, timeline",do ustalenia,"Definicja reguł (okna czasowe, sekwencje), detekcja fraz KK→retencja, walidacja na próbkach.",
ZRKiWS,Weryfikacja poprawności zapisów utrzymaniowych,,,"Porównanie jaka propozycja utrzymaniowa padła w rozmowie i na jaką klient się zgodził, porownanie z wprowadzoną przez doradcę promocja (prime) oraz zapisem utrzymania (af)",Jak porównać treść rozmowy z zapisami w systemach (prime/af) i wykryć niezgodności?,"automatyczna weryfikacja poprawności zapisu, czy dobrze wprowadzona promocja",Jak porównać treść rozmowy z zapisami w systemach (prime/af) i wykryć niezgodności?,"retencja, system-rozmowa-alignment, ekstrakcja-oferty, sts, llm-porownanie, audyt",wieloetapowe:4 (zależne),1) Ekstrakcja parametrów oferty z transkrypcji; 2) Pobranie zapisów z systemu; 3) Porównanie; 4) Raport niezgodności.,
ZRKiWS,Utrzymanie produktów bankowych,,,"Reguła weryfikujaca ile oraz jakie propozycje utrzymaniowe padły w rozmowie. Weryfikacja czy doradca podjal probe utrzymania po pierwszej odmowie klienta oraz badanie jakie oferty sa dla klienta najbardziej atrakcyjne dla klienta. Po interakcji analizuje transkrypcje/rozmowe i przewiduje czy klient był zadowolony z zapropoowanej oferty, czy skorzystał z niej na przeczekania, a i tak zadzowni po jakimś czasie zrezygnować","Jak policzyć liczbę i typy propozycji utrzymaniowych, reakcje klienta i intencję rezygnacji?","Minimalizacja nieetycznych zachowań, badanie jakie propozycje utrzymaniowe padly w rozmowie oraz ile ich padlo","Jak policzyć liczbę i typy propozycji utrzymaniowych, reakcje klienta i intencję rezygnacji?","retencja, frazy-binary, frazy-ekstrakcja, frazy-klient-sentyment, frazy-clustering, llm-podsumowanie",wieloetapowe:4,1) Detekcja/ekstrakcja ofert; 2) Reakcja klienta (sentyment/zgoda); 3) Predykcja intencji; 4) Podsumowanie.,
ZRKiWS,Utrzymanie produktów bankowych,,,"weryfikacja czy doradca próbował utrzymać klienta ""na argumenty"" czy przeszedł od razu do propozycji retencyjnej","Czy doradca najpierw próbuje utrzymać na argumenty (bez benefitów), czy od razu daje ofertę?","mniejsze koszty, wyodrębnimy doradców którzy potrzebują szkoleń z umiejętności miękkich, by sprawdzić możliwości bezkosztowego utrzymania klienta","Czy doradca najpierw próbuje utrzymać na argumenty (bez benefitów), czy od razu daje ofertę?","retencja, obiekcje, frazy-binary, frazy-ekstrakcja, llm-ocena-argumentow",wieloetapowe:3 do ustalenia,Binary: próba na argumenty → ekstrakcja argumentów → ocena jakości/sekwencji.,
ZRKiWS,Utrzymanie produktów bankowych,,,"sugerowanie klientowi kontakt w innym terminie z inicjatywy doradcy - np. sytuacja gdy klient ma saldo ujemne na koncie, zamiast zamknąć z 28 - dniowym okresem wypowiedzenia, to doradca proponuje by klient sam zadzwonił po spłacie długu",Jak wykrywać sugerowanie odroczenia kontaktu zamiast działania tu-i-teraz?,"Minimalizacja nieetycznych zachowań, by sprawdzić zachowania doradców, które nie są oczekiwanie",Jak wykrywać sugerowanie odroczenia kontaktu zamiast działania tu-i-teraz?,"retencja, frazy-binary",,Binary detekcja fraz sugerujących przełożenie kontaktu; raport wystąpień.,
ZRKiWS,Kampania - automatyczna weryfikacja czy padły niebzedne informacje,,,Słowa doradcy - weryfikacja czy w rozmowie padły wszystkie niezbędne informacje zgodne z modelem rozmowy danej kampanii,Czy wszystkie elementy modelu rozmowy kampanii zostały zrealizowane?,"automatyczna weryfikacja jakości rozmów, bieżąca weryfikacja rozmów kampanii",Czy wszystkie elementy modelu rozmowy kampanii zostały zrealizowane?,"kampania, checklista, frazy-binary, baza-wektorowa-scripts, retrieval, llm-ocena-pokrycia",wieloetapowe:3,Checklista kampanii → detekcja → ocena pokrycia i braki.,
ZRKiWS,Kampania - skuteczność ropoczęcia połaczenia,,,"rozpoczęcie rozmowy - weryfikacja jak doradca zareagował na słowa klienta, kiedy ten mówił że nie ma czasu rozmawiać. Często doradcy od razu mówią, że zadzwonią w innym terminie zamiast spróbować zachęcić do rozmowy w tym momencie","Jak doradca reaguje na obiekcję klienta o braku czasu - czy próbuje zachęcić do rozmowy, czy od razu proponuje przełożenie?","początek rozmowy wpływa na to czy rozmowa się odbędzie czy nie, skuteczność przeprowadzanych rozmów w kampanii","Jak doradca reaguje na obiekcję klienta o braku czasu - czy próbuje zachęcić do rozmowy, czy od razu proponuje przełożenie?","obiekcje, frazy-binary, frazy-ekstrakcja, frazy-clustering, scoring-wejscia",wieloetapowe:3,1) Detekcja obiekcji 'brak czasu'; 2) Detekcja reakcji doradcy; 3) Scoring skuteczności.,
ZRKiWS,Mierzalność szkolenia sprzedażowego Konto dla dziecka oraz ofertowanie produktów skierowanych do rodziców np. ŻiZ,Wzrost sprzedaży,S2S,"weryfikacja poziom proponowania Kont dla dzieci, czy w rozmowie słychać dzieci w tle, odniesienie się doradcy do tego gdy klient sam w rozmowie informuje, że ma dzieci","Czy doradca identyfikuje kontekst rodzinny (dzieci w tle, wypowiedzi klienta) i proponuje odpowiednie produkty?",skuteczność szkolenia,"Czy doradca identyfikuje kontekst rodzinny (dzieci w tle, wypowiedzi klienta) i proponuje odpowiednie produkty?","cross-sell, konto-dziecka, ubezpieczenie, frazy-binary, frazy-klient-ekstrakcja, baza-wektorowa-produktow",wieloetapowe:3-4,1) Ekstrakcja kontekstu (dzieci); 2) Detekcja ofert dopasowanych; 3) Raport skuteczności; 4) (opcjonalnie) powiązanie ze sprzedażą.,"czy to z dziećmi nie podejdzie nam pod jakąś etykę? rodo, czy coś?"
ZDKwKZ,Analiza emocji i potrzeb z danych jakościowych,Poprawa wskaźników jakościowych FCR/NPS/Sat NET,,"Model analizuje dane z wywiadów pogłębionych, nagrań z CC, czatów – i wykrywa potrzeby, oczekiwania, wartości klientów.","Jakie potrzeby, oczekiwania i wartości klientów można zidentyfikować na podstawie danych jakościowych?",Poprawa jakości prowadzonych rozmów. Poprawa CX po kontakcie z CC,"Jakie potrzeby, oczekiwania i wartości klientów można zidentyfikować na podstawie danych jakościowych?","topic-modeling, frazy-ekstrakcja, frazy-clustering, llm-podsumowanie, dashboard",wieloetapowe:4,1) Preprocessing; 2) Tematy/klastry; 3) Emocje; 4) Podsumowania i wizualizacja.,baza wektorowa/mapowanie potrzeby emocje? czy tutaj nie wchodzimy już na działania zakazane? dp weryfikacji
ZDKwKZ,Narratywne dashboardy jakościowe,Poprawa wskaźników jakościowych FCR/NPS/Sat NET,,"Model generuje raporty z danych jakościowych i innych źródeł w formie naturalnego języka: Przykład: „W ubiegłym tygodniu 74% klientów, którzy ocenili rozmowę nisko, wspominali o długim czasie oczekiwania. Najczęściej pojawiające się zdanie to: ‘czekam już 10 minut’.” Model sprawdza dane jakościowe i efektywnościowe (np.: czas oczekiwania na IVR).",Generowanie dashboradów narracyjnych w oparciu o pozostałe dane z transkrypcji,Poprawa jakości prowadzonych rozmów przez doradców w CC,Generowanie dashboradów narracyjnych w oparciu o pozostałe dane z transkrypcji,"llm-podsumowanie, nlg-raporty, retrieval-structured+unstructured, agent",wieloetapowe:3 zależne,1) Zasilenie danymi; 2) Szablony/NLG + retrieval; 3) Walidacja źródeł i metryk.,"agent, który wrzuca podsumowania raportów w modelu subskrypcyjnym - osoby z banku mogą oznaczać, jakiego rodzaju raporty chcą i otrzymują mailing, albo w raporty w teams"
ZDKwKZ,"Model jako asystent badań ""Tajemniczego klienta""",Wsparcie w przygotowaniach do rankingów jakościowych,,"Model może analizować nagrania z udziałem ""tajemniczego klienta"", porównywać je z oczekiwanym scenariuszem i wskazywać różnice, błędy. Model wcielający się w ""tajemniczego klienta"" - pisanie z doradcami w kanale CZAT.","Jak porównać rozmowy ze scenariuszami i generować feedback, a w czacie symulować klienta?",Osiąganie najwyższych wyników w badaniach jakościowych,"Jak porównać rozmowy ze scenariuszami i generować feedback, a w czacie symulować klienta?","tajemniczy-klient, frazy-ekstrakcja, retrieval, baza-wektorowa-skrypty",wieloetapowe:4,1) Baza scenariuszy; 2) Porównanie rozmów; 3) Raport różnic,to są dwa zadania - agent tajemniczy klient + analityka scenariuszy tajemniczy klient
,Agent tajemniczy klient,,,"Model wcielający się w ""tajemniczego klienta"" - pisanie z doradcami w kanale CZAT.",,,,"agent, tajemniczy-klient",,1) Zdefiniować kryteria i etykiety; 2) Detekcja/etykietowanie przypadków; 3) Agregacja i walidacja vs KPI.,
ZDKwKZ,Obsługa Hot Alertów,Poprawa wskaźników jakościowych FCR/NPS/Sat NET,,"Wykonanie transkrypcji rozmów z niskimi ocenami jakościowymi. Analiza i streszczenie transkrypcji w celu wskazania powodów niskich ocen klientów. Po interakcji analizuje transkrypcje/rozmowe i przewiduje: czy problem został faktycznie rozwiązany (FCR = TAK), czy istnieje wysokie ryzyko, że klient wróci (FCR = NIE), wykrywa niezadowolenie klienta mimo zamknięcia sprawy","Dlaczego klient ocenił rozmowę nisko i czy istnieje ryzyko, że problem nie został faktycznie rozwiązany?",Poprawa jakości prowadzonych rozmów przez doradców w CC; Możliwość wczesnego reagowania i ponownego kontaktu przed eskalacją.; Automatyczna poprawa FCR przez działania naprawcze zanim klient wróci,"Dlaczego klient ocenił rozmowę nisko i czy istnieje ryzyko, że problem nie został faktycznie rozwiązany?","sentyment, llm-podsumowanie, frazy-ekstrakcja, frazy-clustering, fcr-prediction","wieloetapowe:4 (możliwe, że zależne)",1) Klasyfikacja/wyciągnięcie przyczyn; 2) Sentyment/ton; 3) Predykcja FCR/ryzyka; 4) Streszczenie i rekomendacja działań.,
ZDKwKZ,Analiza głosu klienta z badań FCR Pogłębiony/Badanie Transakcyjne/Relacyjne,Poprawa wskaźników jakościowych FCR/NPS/Sat NET,,"Wykonanie transkrypcji rozmów następnie analizy i streszczenia pod kątem jakościowym. Zweryfikowanie czy komentarz(głos klienta) łączy się treścią interakcji. Wskazanie powodów ocen klientów (promotorów, neutralnych, detraktorów). Segmentacja opinii na pozytywne/negatywne/neutrealne. Grupowanie tematów wypowiedzi klientów",Czy komentarze klientów w badaniach są spójne z treścią ich rozmów i jakie są główne tematy opinii?,Poprawa jakości prowadzonych rozmów. Poprawa CX po kontakcie z CC,Czy komentarze klientów w badaniach są spójne z treścią ich rozmów i jakie są główne tematy opinii?,"voice-of-customer, sentiment-segmentation, tema-clustering, consistency-check, fcr, sentyment, topic-modeling, llm-podsumowanie",wieloetapowe:4 (zależne),1) Linkowanie komentarz↔interakcja; 2) Sentyment/ocena; 3) Tematy/klastry; 4) Podsumowanie powodów.,
ZDKwKZ,Weryfikacja rozmów pod kątem standardów jakościowych,Poprawa wskaźników jakościowych FCR/NPS/Sat NET,,"Analiza/weryfikacja interakcji pod katem stosowania przez doradców określonych standardów(elementów modelu rozmowy) w rozmowach z klientami. Przykład„Pokaż mi 50 interkacji z zeszłego tygodnia, gdzie klient był zirytowany brakiem rozwiązania po pierwszym kontakcie” - i model wybierze odpowiednie nagrania/sklasyfikuje co mogło mieć na to wpływ np: doradca czy proces.",Czy model rozmowy/standard został zrealizowany; jakie elementy brakują?,Poprawa jakości prowadzonych rozmów przez doradców w CC,Czy model rozmowy/standard został zrealizowany; jakie elementy brakują?,"jakosc, frazy-binary, retrieval, llm-ocena-pokrycia, filtracja-po-kryteriach",wieloetapowe:3 (zależne),Checklista → detekcja → ocena pokrycia + wyszukiwarka z filtrami.,
ZDKwKZ,Weryfikacja rozmów wymagających konsultacji pod kątem reklamacji klientów,Poprawa czasu odpowiedzi na reklamacje klientów.,,Wykonanie transkrypcji rozmów wymagających konsultacji. Wykonanie transkrypcji i analiza według wskazanych kryteriów.,Które rozmowy wymagające konsultacji mogą prowadzić do reklamacji klientów?,Poprawa satysfakcji klientów,Które rozmowy wymagające konsultacji mogą prowadzić do reklamacji klientów?,"reklamacje, frazy-binary, frazy-ekstrakcja, frazy-clustering, baza-wektorowa-skrypt",wieloetapowe:3,Binary detekcja konsultacji → ekstrakcja kontekstu → kategoryzacja/priorytety.,
ZDKwKZ,Tworzenie bazy wiedzy o kompetencjach Doradcy,Poprawa wskaźników jakościowych FCR/NPS/Sat NET i kompetencji Doradców,,Wykonanie analizy rozmów doradcy na podstawie określonych kryteriów. Wskazanie mocnych i słabych stron.,Jakie są mocne i słabe strony kompetencyjne poszczególnych doradców na podstawie analizy ich rozmów?,Poprawa jakości prowadzonych rozmów przez doradców w CC,Jakie są mocne i słabe strony kompetencyjne poszczególnych doradców na podstawie analizy ich rozmów?,"jakosc, frazy-ekstrakcja, frazy-clustering, llm-podsumowanie-profilu, dashboard",wieloetapowe:4,1) Zestaw metryk/cech; 2) Agregacja per doradca; 3) Profil/score; 4) Raport/podsumowanie.,
ZDKwKZ,Obsługa odpowiedzi niestandardowych FCR/NPS,Optymalizacja procesu ankietowania klientów,,Weryfikacja/Analiza nietypowych odpowiedzi klientów na ankiety jakościowe FCR/NPS w połączeniu z sugestią zmiany na właściwą ocenę.,Czy nietypowe odpowiedzi klientów w ankietach FCR/NPS wymagają korekty na właściwą ocenę liczbową?,Uzyskiwanie bardziej precyzyjnych ocen klientów,Czy nietypowe odpowiedzi klientów w ankietach FCR/NPS wymagają korekty na właściwą ocenę liczbową?,"free-text-normalizacja, llm-klasyfikacja-skala, suggestion-engine, audyt-zmian",wieloetapowe:3,1) Klasyfikacja treści do skali; 2) Uzasadnienie/ślad audytowy; 3) Propozycja korekty.,
ZDKwKZ,Wyszukiwarka intuicyjna po treści rozmów,Poprawa wskaźników jakościowych FCR/NPS/Sat NET,,"Wyszukiwanie i analiza rozmów według wskazanych kryteriów. Przykład: „Pokaż rozmowy, w których klient był zły z powodu długiego oczekiwania i zagroził rezygnacją z usług banku” – i model wyciąga najbardziej pasujące przypadki z tysięcy godzin nagrań/transkrypcji.",Jak umożliwić skuteczne wyszukiwanie semantyczne z filtrami po metadanych?,Poprawa jakości prowadzonych rozmów przez doradców w CC,Jak umożliwić skuteczne wyszukiwanie semantyczne z filtrami po metadanych?,"retrieval, reranking, indeks-metadanych, facety, highlighty, wyszukiwarka-semantyczna, intuitive-search, context-matching",wieloetapowe:3,1) Indeks wektorowy + BM25; 2) Reranking; 3) Filtry i podświetlenia trafień.,
ZDKwKZ,Analiza kontrastowa rozmów,Poprawa wskaźników jakościowych FCR/NPS/Sat NET,,Analiza porównawcza przypadków których doradca osiągnął założony cel rozmowy z tymi w których tego celu nie spełnił. Przykłady: utrzymanie produktów u klienta; wysokie oceny jakościowe vs niskie oceny jakościowe,Jak wydobyć różnice między rozmowami skutecznymi i nieskutecznymi?,Zwiększenie efektywności celów biznesowych np.: sprzedaży produktów,Jak wydobyć różnice między rozmowami skutecznymi i nieskutecznymi?,"contrastive-analysis, pattern-mining, frazy-ekstrakcja, llm-roznice, ranking-cech",wieloetapowe:4,1) Dobór par/zbiorów; 2) Ekstrakcja cech; 3) Analiza różnic; 4) Rekomendacje.,
ZDKwKZ,Nadawanie kategorii rozmów na podstawie treści rozmowy,Poprawa wskaźników jakościowych FCR/NPS/Sat NET i kompetencji Doradców,,"Grupowanie rozmów doradców(TEL., CZAT, VIDEO, MAIL) według tematów. Identyfikacja który temat w rozmowie był dominujący. Grupowanie konkretnych kategorii pod kątem wpływu na doświadczenia klienta np.: chcielibyśmy wiedzieć w ilu % rozmów dot. karty kredytowej wydźwięk rozmowy był negatywny ze względu np.: emocje; cechy produktu itp.",Jak kategoryzować i grupować rozmowy multi-kanałowo oraz mierzyć dominujące tematy i ich wydźwięk?,Zwiększenie efektywności przy pracy nad badaniem głosu klienta,Jak kategoryzować i grupować rozmowy multi-kanałowo oraz mierzyć dominujące tematy i ich wydźwięk?,"multi-channel-klasyfikacja, topic-modeling, dominujacy-temat, sentyment, clustering",wieloetapowe:4,1) Normalizacja kanałów; 2) Klasyfikacja tematów; 3) Dominujący temat; 4) Sentyment/klastry.,
ZDKwKZ,Emocjonalna mapa kontaktu -heatmapa doświadczeń,Poprawa wskaźników jakościowych FCR/NPS/Sat NET i kompetencji Doradców,,"Analiza rozmowy i ocena poziomu emocji (frustracja, entuzjazm, ulga, zniecierpliwienie)na podstwie której można tworzyć tzw. heatmape pokazującą kiedy klient był najbardziej rozemocjonowany - i dlaczego? Na jakim etapie i jakiego radzaju emocje pojawiały się w rozmowie.",Jak zbudować heatmapę emocji po etapach rozmowy i uzasadniać skoki?,Poprawa jakości prowadzonych rozmów przez doradców w CC,Jak zbudować heatmapę emocji po etapach rozmowy i uzasadniać skoki?,"emocje-mapa, heatmap-generation, emotion-tracking, temporal-emotion-analysis",wieloetapowe:4,1) Segmentacja etapów; 2) Klasyfikacja emocji; 3) Detekcja skoków i przyczyn; 4) Heatmapa.,
ODZ,Życie i zdrowie,Wzrost sprzedaży,"SR (Sales Revenue), SV (Sales Volumen)",Zbyt mała sprzedaż ŻIŻ do KG,Uruchomione KG (1MSC WSTECZ) czy była propozycja ŻIŻ,% wzrost sprzedaży ŻIŻ do KG jako ubezpieczenie niepowiązane,"Czy podczas rozmowy telefonicznej (rozmowy sprzedażowej), która zakończyła się podpisaniem umowy kredytu gotówkowego była od doradcy propozycja zakupu ubezpieczenia życie i zdrowie","ofertowanie, frazy-binary, kredyt-got, ubezpieczenia",,1) Zdefiniować kryteria i etykiety; 2) Detekcja/etykietowanie przypadków; 3) Agregacja i walidacja vs KPI.,
ODZ,Locum,Wzrost sprzedaży,"SR (Sales Revenue), SV (Sales Volumen)",Zbyt mała sprzedaż LC do KG,Uruchomione KG (1MSC WSTECZ) czy była propozycja LC,% wzrost sprzedaży LC do KG jako ubezpieczenie niepowiązane,"Czy podczas rozmowy telefonicznej (rozmowy sprzedażowej), która zakończyła się podpisaniem umowy kredytu gotówkowego była od doradcy propozycja zakupu ubezpieczenia locum comfort","ofertowanie, frazy-binary, kredyt-got, ubezpieczenia",,1) Zdefiniować kryteria i etykiety; 2) Detekcja/etykietowanie przypadków; 3) Agregacja i walidacja vs KPI.,
ODZ,Locum,Wzrost sprzedaży,"SR (Sales Revenue), SV (Sales Volumen)",Zbyt mała sprzedaż LC w ZZSKH,Uruchomione KH (3MSC WSTECZ) czy była propozycja LC,% wzrost sprzedaży LC w ZZSKH,Czy podczas rozmowy sprzedażowej z klientem zawierającym kredyt hipoteczny doradca proponował ubezpieczenie Locum Comfort?,"ofertowanie, frazy-binary, kredyt-hip, ubezpieczenia",,1) Zdefiniować kryteria i etykiety; 2) Detekcja/etykietowanie przypadków; 3) Agregacja i walidacja vs KPI.,
SELECT,Nazwa Query :Rezygnacja_z_produktu_ - konto osobiste,Wzrost sprzedaży,"SR (Sales Revenue), SV (Sales Volumen)",Rezygnacja z produktu/zamiana na konto Select,Linia Select IN.,% wzrost konwersji z utrzymania produktu,,"rezygnacja, frazy-binary, konto-osobiste, select",potrzeba doprecyzowania: w jakim kontekście klient rezygnuje z produktu i co oznacza zmiana na konto Select?,1) Zdefiniować kryteria i etykiety; 2) Detekcja/etykietowanie przypadków; 3) Agregacja i walidacja vs KPI.,
ODZ,Nazwa Query: Poczta Glosowa,NPS,NPS,Zbyt wysoki % poczty głosowej na rozmowach wychodzących,Weryfikacja rozmów wychodzących trafiających na pocztę głosową. Docelowo wyszukanie przetrzymywania poczty głosowej przez doradców.,% spadek poczty głosowej w rozmowach wychodzących,"Czy doradca utrzymuje połączenie z pocztą głosową, a nie rozłącza się po nagraniu wiadomości/usłyszeniu, że jest to poczta głosowa","service, poczta-głosowa, frazy-binary, call-duration",wieloetapowe:2 - do doprecyzowania zadanie związane z mierzeniem poczty głosowej,1) Zdefiniować kryteria i etykiety; 2) Detekcja/etykietowanie przypadków; 3) Agregacja i walidacja vs KPI.,
ODZ,Ofertowanie kart przy rozmowach kredytowych,Wzrost sprzedaży,"SR (Sales Revenue), SV (Sales Volumen)",brak dodatkowej propozycji,Jak często pada oferta Karty kredytwoej w rozmowach kredytowych,wzrost ofertowania/sprzedaży KK,"Czy podczas rozmowy telefonicznej o produkcie kredytowym, doradca proponuje ofertę karty kredytowej","ofertowanie, frazy-binary, karta-kredytowa, kredyt-got",,1) Zdefiniować kryteria i etykiety; 2) Detekcja/etykietowanie przypadków; 3) Agregacja i walidacja vs KPI.,
ODZ,Analiza relacji między doradcą a klientem np. czy doradca prowadzi dialog z klientem czy monolog.,NPS,NPS,zbyt długie monologii doradcy (w początkowej cześci rozmowy),udział monologu doradcy w trakcie prezentacji oferty kredytowej,spadek % monologu doradcy,Jaki procent rozmowy stanowią monologi doradcy - zwłaszcza w początkowej części rozmowy,"talk-time-analysis, dialog, kredyt-got, nps",ustalenie,1) Zdefiniować kryteria i etykiety; 2) Detekcja/etykietowanie przypadków; 3) Agregacja i walidacja vs KPI.,
SELECT,ofertowanie klientów select,Wzrost sprzedaży,"SR (Sales Revenue), SV (Sales Volumen)",sprawdzenie ofertowania po rozwiązaniu problemu klienta,% udział ofertowania w rozmowach obsługowych w grupie select,wzrost sprzedaży KG w grupie select,Czy podczas rozmowy obsługowej - po rozwiązaniu problemu klienta - występuje przedstwienie oferty,"ofertowanie, frazy-binary, select, service",,1) Zdefiniować kryteria i etykiety; 2) Detekcja/etykietowanie przypadków; 3) Agregacja i walidacja vs KPI.,
ODZ,sposoby zbijania obekcji/finalizacja sprzedaży,Wzrost sprzedaży,"SR (Sales Revenue), SV (Sales Volumen)",brak zbijania obiekcji/finalizacji sprzedaży.,weryfikacja w jaki sposob doradca zbija obiekcje - transkrypcja przykąładowych rozmów na tekst w celu weryfikacji (czy nastapiło zbicie obekcji - jeśli tak to w jaki sposób),rozszeżenie działań nexidi związanych z transkrypcją - inf. o tym który doradca nie zbija obiekcji aby móc z nim pracować.,"Identyfikacja, czy występują próby zbijania obiekcji finalizacji sprzedaży przez doradcę, jeśli tak, to zebranie takich sposobów zbicia i podsumowanie ich.","obiekcje, frazy-binary, frazy-ekstrakcja, frazy-clustering, sprzedaz",wieloetapowe:3,1) Klasyfikacja binarna rozmów pod kątem zjawiska; 2) Ekstrakcja charakterystycznych fraz; 3) Klasteryzacja/wzorce i porównanie vs KPI; 4) Raport i rekomendacje.,
ODZ,pls asysta BBC,Wzrost sprzedaży,"SR (Sales Revenue), SV (Sales Volumen)",,czy byla rozmowa w danym dniu,,Brak informacji – proszę o uzupełnienie,,"Brak informacji co jest badane; proszę o doprecyzowanie, czym jest ""pls asysta BBC""",1) Zdefiniować kryteria i etykiety; 2) Detekcja/etykietowanie przypadków; 3) Agregacja i walidacja vs KPI.,
ODZ,"Rozmowy, w których padło pytanie o zobowiązania zewnętrzne/padła oferta konsolidacji.",Wzrost sprzedaży,"SR (Sales Revenue), SV (Sales Volumen)",,,,Czy w rozmowie doradca dopytuje o zobowiązania zewnętrzne i proponuje konsolidację? Jakie sformułowania są używane?,"konsolidacja, frazy-binary, frazy-ekstrakcja, frazy-clustering","wieloetapowe:3 - czy na pewno o to chodzi? Czy chodzi o podsumowanie procentowe, czy chcecie frazy, jaka jest potrzeba?",1) Klasyfikacja binarna rozmów pod kątem zjawiska; 2) Ekstrakcja charakterystycznych fraz; 3) Klasteryzacja/wzorce i porównanie vs KPI; 4) Raport i rekomendacje.,
ODZ,"Czy doradca zaproponował asystę w digitalu, czy zostawił klienta zainteresowanego samego w procesie.",NPS,NPS,,,,Czy podczas rozmowy doradca zaproponował asystę klientowi przy wykonaniu samoobsługi w bankowości internetowej/aplikacji,"frazy-binary, asysta-digital, self-service",,1) Zdefiniować kryteria i etykiety; 2) Detekcja/etykietowanie przypadków; 3) Agregacja i walidacja vs KPI.,
ODZ,Powody odmów,NPS,NPS,,,,"Zidentyfikować najczęstsze powody odmów ze strony klientów; wyodrębnić sformułowania opisujące powody, zgrupować je i podać przykłady.","powody-odmow, frazy-binary, frazy-ekstrakcja, frazy-clustering",wieloetapowe:3,1) Klasyfikacja binarna rozmów pod kątem zjawiska; 2) Ekstrakcja charakterystycznych fraz; 3) Klasteryzacja/wzorce i porównanie vs KPI; 4) Raport i rekomendacje.,
ODZ,"Analiza Fraz używanych przez doradców, które najczęściej prowadzą do sprzedaży",Wzrost sprzedaży,"SR (Sales Revenue), SV (Sales Volumen)",,,,"Analiza rozmów, w których doszło do sprzedaży. Jakie frazy najczęściej prowadzą do sprzedaży","frazy-ekstrakcja, frazy-clustering, analiza-sprzedazowa","wieloetapowe:2 - zakładając, że mamy oznaczone rozmowy, w których doszło do sprzedaży, jeśli nie to konieczne będzie dołożenie kroku frazy-binary",1) Zdefiniować kryteria i etykiety; 2) Detekcja/etykietowanie przypadków; 3) Agregacja i walidacja vs KPI.,
ODZ,"Wykrycie rozmów, w których oferujemy kartę za kartę",NPS,NPS,,,,"Wykrycie rozmów, w których doradca proponuje wymianę istniejącej karty kredytowej na nową (karta za kartę).","karta-kredytowa, frazy-binary, ofertowanie, wymiana","Proszę o doprecyzowanie, co oznacza ""karta za kartę""",1) Zdefiniować kryteria i etykiety; 2) Detekcja/etykietowanie przypadków; 3) Agregacja i walidacja vs KPI.,
ODZ,Identyfikacja wąskich gardeł w rozmowie – kiedy klient traci zainteresowanie? Po informacji kto dzwoni/ w jakim temacie/ jak klient usłyszy koszty?,Kontrola jakości,"Quality Score (ocena jakości rozmowy), Missed Information Rate ( wskaźnik brakujących elementów w rozmowie )",,,,Identyfikacja wąskich gardeł w rozmowie – kiedy klient traci zainteresowanie? Po informacji kto dzwoni/ w jakim temacie/ jak klient usłyszy koszty?,"ofertowanie, frazy-klient-sentyment, frazy-binary, frazy-clustering",wieloetapowe:3,1) Klasyfikacja binarna rozmów pod kątem zjawiska; 2) Ekstrakcja charakterystycznych fraz; 3) Klasteryzacja/wzorce i porównanie vs KPI; 4) Raport i rekomendacje.,
SELECT,Service to sales na inboundzie w Select. czy ofertujemy klientów po rozwiązaniu jego sprawy.,Wzrost sprzedaży,"SR (Sales Revenue), SV (Sales Volumen)",,,,"Po rozwiązaniu sprawy klienta na linii Select, czy doradca przedstawia ofertę sprzedażową?","ofertowanie, frazy-binaryx2, service","wieloetapowe:2 - dwukrotne klasyfikacja binary (czy sprawa rozwiązana, czy przedstawienie oferty ) - prośba o doprecyzowanie - potwierdzenia refined-zadania",1) Zdefiniować dwa klasyfikatory binarne wraz z kryteriami; 2) Oznaczyć i zweryfikować na próbkach; kalibracja progów; 3) Agregacja wyników i raportowanie KPI.,
SELECT,x-sell KK do konwersji KO,Wzrost sprzedaży,"SR (Sales Revenue), SV (Sales Volumen)",brak poropozycji karty kredytowej platinum przy konwersji konta,ofertowanie karty kredytowej/konwersje sukces,wzrost x-sell,Czy podczas konwersji konta osobistego doradca proponuje kartę kredytową?,"ofertowanie, frazy-binaryx2, karta-kredytowa, cross-sell","co tutaj jest badane - prośba o doprecyzowanie wieloetapowe:2 - dwukrotne klasyfikacja binary (konwersja konta, czy ofertowanie karty kredytowej)",1) Zdefiniować dwa klasyfikatory binarne wraz z kryteriami; 2) Oznaczyć i zweryfikować na próbkach; kalibracja progów; 3) Agregacja wyników i raportowanie KPI.,
ODZ,Autoryzacja mobilna,NPS,NPS,"Propozycja wyboru AM lub standard weryfikacji, zamiast prio na AM","% propozycji ""czy"" z opcją wyboru po stronie konsultanta wychodzące i przychodzące",wzrost identyfikacji za pomocą AM,Czy doradca proponuje klientowi autoryzację mobilną zamiast standardowej weryfikacji?,"mobilna-autoryzacja, frazy-binary, service, self-service",co tutaj jest badane - prośba o doprecyzowanie,1) Zdefiniować kryteria i etykiety; 2) Detekcja/etykietowanie przypadków; 3) Agregacja i walidacja vs KPI.,
ODZ,Możliwość wyboru sposobu finalizacji,NPS,NPS,"Propozycja wyboru ścieżki finalizacji czy BBC czy E2E, zamiast only BBC a dopiero w przypadku obiekcji E2E lub BR","% propozycji ""czy"" z opcją wyboru przy finalizacji po stronie konsultanta",wzrost udziału Remote Sales,Czy doradca przedstawia klientowi możliwość wyboru sposobu finalizacji (BBC/E2E/BR) zamiast narzucać jeden sposób?,"finalizacja, frazy-binary, service","prośba o wyjaśnienie skrótów (BBC, E2E, BR) doprecyzowanie - możliwe, że będzie można zrealizować to pod jednym klasyfikatorem na zasadzie lub",1) Zdefiniować kryteria i etykiety; 2) Detekcja/etykietowanie przypadków; 3) Agregacja i walidacja vs KPI.,
ODZ,kampanie automatyczne,Kontrola jakości,"Quality Score (ocena jakości rozmowy), Missed Information Rate ( wskaźnik brakujących elementów w rozmowie )",brak możliwości weryfikacji rozmów po rodzaju kampani,"wszystkie pomysły z ograniczeniem do rodzaju ""kampani/paliwa""",wzrost efektywności total,Czy możliwe jest filtrowanie i analizowanie rozmów według rodzaju kampanii (np. automatycznych)? Jakie wnioski chcemy wyciągnąć?,"kampania, segmentacja, frazy-binary","potrzeba doprecyzowania, jakie kampanie mają być analizowane i jaki jest cel",1) Zdefiniować kryteria i etykiety; 2) Detekcja/etykietowanie przypadków; 3) Agregacja i walidacja vs KPI.,
ODZ,Kredyt konsumpcyjny,Wzrost sprzedaży,"SR (Sales Revenue), SV (Sales Volumen)",Niski odsetek sprzedaży kredytów w trakcie rozmów.,Frazes kluczowe związane z ofertą kredytu i finalizacją rozmowy.,Wzrost liczby sprzedanych kredytów w rozmowach.,Zidentyfikować frazy sprzedażowe i finalizujące w rozmowach o kredycie konsumpcyjnym i ocenić ich wpływ na sprzedaż.,"frazy-binary, frazy-ekstrakcja, frazy-clustering, kredyt-got, ofertowanie",wieloetapowe:3 - proszę o doprecyzowanie wpływu na sprzedaż,1) Klasyfikacja binarna rozmów pod kątem zjawiska; 2) Ekstrakcja charakterystycznych fraz; 3) Klasteryzacja/wzorce i porównanie vs KPI; 4) Raport i rekomendacje.,
ODZ,Kredyt konsumpcyjny,Wzrost sprzedaży,"SR (Sales Revenue), SV (Sales Volumen)",Niska średnia wartość udzielanych kredytów.,"Frazes dotyczące warunków kredytu, takich jak kwota i rata.",Zwiększenie średniej wartości kredytów.,"Analiza rozmów pod kątem omawiania kwoty i raty kredytu; czy doradca wykorzystuje te elementy, aby zachęcić do wyższej kwoty?","frazy-binary, frazy-ekstrakcja, frazy-clustering, kredyt-got, kwota, rata","wieloetapowe:3 - proszę o doprecyzowaie, czy prawidłowo określiliśmy zadanie w polu refined_zadanie",1) Klasyfikacja binarna rozmów pod kątem zjawiska; 2) Ekstrakcja charakterystycznych fraz; 3) Klasteryzacja/wzorce i porównanie vs KPI; 4) Raport i rekomendacje.,
ODZ,Cross-sell (kredyt + ubezpieczenie),Wzrost sprzedaży,"SR (Sales Revenue), SV (Sales Volumen)",Niski wskaźnik oferowania produktów dodatkowych w rozmowach.,Frazes związane z oferowaniem produktów dodatkowych i ich korzyściami.,Wzrost liczby produktów cross-sell sprzedanych w rozmowie.,Czy doradca podczas rozmowy o kredycie proponuje dodatkowe ubezpieczenie oraz jakie korzyści przedstawia?,"cross-sell, frazy-binary, frazy-ekstrakcja, frazy-clustering, kredyt-got, ubezpieczenia","wieloetapowe:3 - proszę o doprecyzowaie, czy prawidłowo określiliśmy zadanie w polu refined_zadanie",1) Klasyfikacja binarna rozmów pod kątem zjawiska; 2) Ekstrakcja charakterystycznych fraz; 3) Klasteryzacja/wzorce i porównanie vs KPI; 4) Raport i rekomendacje.,
ODZ,Kredyt konsumpcyjny,Wzrost sprzedaży,"SR (Sales Revenue), SV (Sales Volumen)",Zbyt dużo klientów kierowanych do oddziałów zamiast finalizacji telefonicznej.,Częstość przenoszenia klientów do oddziałów i powody tego działania.,Zmniejszenie liczby klientów kierowanych do oddziałów.,"Czy klient został przekierowany do oddziału zamiast sfinalizować kredyt telefonicznie, i jakie były powody?","service, frazy-binary, frazy-ekstrakcja, frazy-clustering, kredyt-got",wieloetapowe:3,1) Klasyfikacja binarna rozmów pod kątem zjawiska; 2) Ekstrakcja charakterystycznych fraz; 3) Klasteryzacja/wzorce i porównanie vs KPI; 4) Raport i rekomendacje.,
ODZ,Segmentacja klientów,NPS,NPS,Nierównomierna skuteczność rozmów między różnymi segmentami klientów.,Analiza skuteczności rozmów w zależności od segmentu klienta.,Poprawa skuteczności rozmów w mniej efektywnych segmentach klientów.,Analiza skuteczności rozmów w zależności od segmentu klienta; jakie elementy rozmowy wpływają na sukces w poszczególnych segmentach?,"frazy-binary, frazy-ekstrakcja, frazy-clustering, llm-opis-segment, nps",wieloetapowe:4 - jeśli tylko sprzedazowe analizujemy to 3 (ustalenie),1) Klasyfikacja binarna rozmów pod kątem zjawiska; 2) Ekstrakcja charakterystycznych fraz; 3) Klasteryzacja/wzorce i porównanie vs KPI; 4) Raport i rekomendacje.,
ODZ,Zarządzanie obiekcjami,NPS,NPS,Niska skuteczność doradców w odpowiadaniu na obiekcje klientów.,Identyfikacja obiekcji klientów i odpowiedzi doradców na te obiekcje.,Zwiększenie liczby obiekcji skutecznie rozwiązanych przez doradców.,Identyfikacja obiekcji klientów i odpowiedzi doradców; ocena skuteczności zarządzania obiekcjami,"obiekcje, frazy-binary, frazy-ekstrakcja, frazy-clustering, nps, llm-opis-ocena",wieloetapowe:4 (ustalenie),1) Klasyfikacja binarna rozmów pod kątem zjawiska; 2) Ekstrakcja charakterystycznych fraz; 3) Klasteryzacja/wzorce i porównanie vs KPI; 4) Raport i rekomendacje.,
ODZ,Komunikacja doradcy (parafrazowanie),NPS,NPS,Brak aktywnego słuchania i potwierdzania potrzeb klientów.,Częstość używania fraz potwierdzających i parafrazowania przez doradców.,Poprawa satysfakcji klienta i wyższa finalizacja rozmów.,"Czy w rozmowie doradca aktywnie słucha i potwierdza potrzeby klienta - czy parafrazuje to, co powiedział klient","frazy-binary, pair-classification-client-agent, service, nps",wieloetapowe:2 (lub jeden etap tylko pair classification - do ustalenia),1) Przygotować pary wypowiedzi (klient↔doradca); 2) Zbudować klasyfikator relacji/reakcji; 3) Ewaluacja i raportowanie.,
ODZ,Kredyt konsumpcyjny,Wzrost sprzedaży,"SR (Sales Revenue), SV (Sales Volumen)",Brak odpowiedniego dostosowania oferty kredytowej do potrzeb klientów.,Analiza dopasowania oferty kredytowej na podstawie fraz związanych z potrzebami klientów.,"Lepsze dopasowanie ofert kredytowych do potrzeb klientów, zwiększenie sprzedaży.",Czy doradcy badają potrzeby klienta i dostosowują ofertę kredytu gotówkowego; analiza fraz dotyczących potrzeb i dopasowania oferty.,"nps, frazy-binaryx2, frazy-ekstrakcja, frazy-clustering, kredyt-got",wieloetapowe:3 (ustalenie),1) Zdefiniować dwa klasyfikatory binarne wraz z kryteriami; 2) Oznaczyć i zweryfikować na próbkach; kalibracja progów; 3) Agregacja wyników i raportowanie KPI.,
ODZ,Karta kredytowa,Wzrost sprzedaży,"SR (Sales Revenue), SV (Sales Volumen)",Niska liczba klientów zainteresowanych kartami kredytowymi.,Wykrywanie fraz promujących karty kredytowe w rozmowach i ich korelacja z finalizacją sprzedaży.,Wzrost zainteresowania kartami kredytowymi i ich sprzedaż.,"Wyszukiwanie rozmów, w których doradcy promują karty kredytowe i analizowanie wpływu takich fraz na finalizację sprzedaży.","promocje, frazy-binary, frazy-ekstrakcja, frazy-clustering, karta-kredytowa",wieloetapowe:3 - do doprecyzowania o co chodzi o korealcja finalizacji sprzedaży,1) Klasyfikacja binarna rozmów pod kątem zjawiska; 2) Ekstrakcja charakterystycznych fraz; 3) Klasteryzacja/wzorce i porównanie vs KPI; 4) Raport i rekomendacje.,
ODZ,Kredyt konsumpcyjny,Wzrost sprzedaży,"SR (Sales Revenue), SV (Sales Volumen)","Doradcy nie oferują kredytów przy każdej rozmowie, gdy jest to możliwe.",Frazes związane z przedstawianiem oferty kredytu w trakcie rozmowy.,"Zwiększenie liczby rozmów, w których przedstawiana jest oferta kredytowa.","Czy doradca miał szansę zaproponować kredyt, ale tego nie zrobił? Gdy przedstawił ofertę, to jakich fraz użył","ofertowanie, frazy-binary, frazy-ekstrakcja, frazy-clustering, kredyt","wieloetapowe:3 (lub 4, jeśli dorzucimy llm-podsumowanie - w zależności od potrzeb) czy to ma być przekrojowe - jakie frazy występują, gdy występuje ofertowanie kredytu? Prośba o doprecyzowanie",1) Klasyfikacja binarna rozmów pod kątem zjawiska; 2) Ekstrakcja charakterystycznych fraz; 3) Klasteryzacja/wzorce i porównanie vs KPI; 4) Raport i rekomendacje.,
ODZ,Karta kredytowa,Wzrost sprzedaży,"SR (Sales Revenue), SV (Sales Volumen)","Brak odpowiedniego promowania korzyści karty kredytowej, takich jak cashback czy programy lojalnościowe.",Frazes dotyczące promocji kart kredytowych i unikalnych korzyści.,Większa liczba klientów korzystających z kart kredytowych dzięki lepszemu przedstawieniu ich korzyści.,"Czy doradca przedstawia zalety karty kredytowej - cashback, programy lojalnościowe, i inne korzyści","ofertowanie, frazy-binary, karta-kredytowa",czy chcem zbierać informacje w jaki sposób? Czy tylko czy? - prośba o doprecyzowanie,1) Zdefiniować kryteria i etykiety; 2) Detekcja/etykietowanie przypadków; 3) Agregacja i walidacja vs KPI.,
ODZ,Limit w koncie,Wzrost sprzedaży,"SR (Sales Revenue), SV (Sales Volumen)",Niski odsetek klientów korzystających z limitów w koncie.,"Wykrywanie rozmów, w których oferta limitu w koncie nie została przedstawiona.",Większy odsetek klientów aktywujących limity w koncie.,"Wykrywanie rozmów, w których oferta limitu w koncie nie została przedstawiona.","limit, frazy-binary, ofertowanie",czy chcem zbierać informacje w jaki sposób? Czy tylko czy? - prośba o doprecyzowanie,1) Zdefiniować kryteria i etykiety; 2) Detekcja/etykietowanie przypadków; 3) Agregacja i walidacja vs KPI.,
ODZ,Limit w koncie,Wzrost sprzedaży,"SR (Sales Revenue), SV (Sales Volumen)","Niewystarczające omawianie korzyści limitów w koncie (np. elastyczność, szybki dostęp do środków).",Analiza fraz dotyczących korzyści limitu w koncie i ich wpływu na decyzję klienta.,Zwiększenie sprzedaży limitów w koncie poprzez lepsze przedstawienie ich zalet.,"Czy pojawiło się ofertowanie limitu w koncie? Jeśli tak, to jak doradca ofertował klienta i jak poszczególne sformułowania wpływały na decyzje","ofertowanie, frazy-binary, frazy-ekstrakcja, frazy-clustering, frazy-klient-sentyment, limit",wieloetapowe: 4 - częściowy dubel wiersz 37 - prośba o doprecyzowanie,1) Klasyfikacja binarna rozmów pod kątem zjawiska; 2) Ekstrakcja charakterystycznych fraz; 3) Klasteryzacja/wzorce i porównanie vs KPI; 4) Raport i rekomendacje.,
ODZ,Kredyt konsumpcyjny,Wzrost sprzedaży,"SR (Sales Revenue), SV (Sales Volumen)","Nieodpowiednie zarządzanie obiekcjami klientów, szczególnie w rozmowach o kredytach.",Identyfikacja najczęściej występujących obiekcji klientów przy rozmowach o kredytach.,Poprawa skuteczności rozmów poprzez lepsze zarządzanie obiekcjami.,Czy klient zgłosił obiekcje do finalizacji? Jakie było to obiekcje?,"obiekcje, frazy-binary, frazy-ekstrakcja, frazy-clustering, kredyt-got",wieloetapowe:3 (opcjonalnie 4 - gdy chcemy llm-podsumowanie),1) Klasyfikacja binarna rozmów pod kątem zjawiska; 2) Ekstrakcja charakterystycznych fraz; 3) Klasteryzacja/wzorce i porównanie vs KPI; 4) Raport i rekomendacje.,
ODZ,Karta kredytowa,Kontrola jakości,"Quality Score (ocena jakości rozmowy), Missed Information Rate ( wskaźnik brakujących elementów w rozmowie )",Brak informacji o dodatkowych promocjach związanych z kartami kredytowymi.,Wyszukiwanie rozmów z frazami dotyczącymi promocji i dodatkowych korzyści kart kredytowych.,Zwiększenie sprzedaży kart kredytowych poprzez promowanie dodatkowych korzyści.,Wyszukiwanie rozmów z frazami dotyczącymi promocji i dodatkowych korzyści kart kredytowych oraz analiza sposobu ich prezentacji.,"ofertowanie, frazy-binary, frazy-ekstrakcja, frazy-clustering, llm-opis-ocena, karta-kredytowa",wieloetapowe:4 - prośba o doprecyzowanie czy poprawnie zdefiniowanie zadanie w refined zadania,1) Klasyfikacja binarna rozmów pod kątem zjawiska; 2) Ekstrakcja charakterystycznych fraz; 3) Klasteryzacja/wzorce i porównanie vs KPI; 4) Raport i rekomendacje.,
ODZ,Kredyt konsumpcyjny,Kontrola jakości,"Quality Score (ocena jakości rozmowy), Missed Information Rate ( wskaźnik brakujących elementów w rozmowie )",Zbyt mała liczba rozmów kończy się symulacją kredytową.,Częstość składania symulacji kredytowej w rozmowach.,"Większa liczba rozmów kończących się symulacją kredytową, co zwiększa potencjalną finalizację sprzedaży.",Czy wystąpiła symulacja kredytowa w rozmowie,"ofertowanie, frazy-binary, kredyt-got",,1) Zdefiniować kryteria i etykiety; 2) Detekcja/etykietowanie przypadków; 3) Agregacja i walidacja vs KPI.,
ODZ,Karta kredytowa,Kontrola jakości,"Quality Score (ocena jakości rozmowy), Missed Information Rate ( wskaźnik brakujących elementów w rozmowie )",Nieodpowiednie prowadzenie rozmowy o kartach kredytowych w celu zwiększenia zainteresowania.,Analiza skuteczności fraz promujących karty kredytowe i ich wpływu na zainteresowanie.,Zwiększenie liczby klientów zainteresowanych kartami kredytowymi dzięki poprawie rozmów.,"Czy pojawiło się ofertowanie karty kredytowych w koncie? Jeśli tak, to jak doradca ofertował klienta i jak poszczególne sformułowania wpływały na decyzje","ofertowanie, frazy-binary, frazy-ekstrakcja, frazy-clustering, frazy-klient-sentyment, karta-kredytowa",wieloetapowe: 4,1) Klasyfikacja binarna rozmów pod kątem zjawiska; 2) Ekstrakcja charakterystycznych fraz; 3) Klasteryzacja/wzorce i porównanie vs KPI; 4) Raport i rekomendacje.,
ODZ,Kredyt konsumpcyjny,Kontrola jakości,"Quality Score (ocena jakości rozmowy), Missed Information Rate ( wskaźnik brakujących elementów w rozmowie )",Brak spójnego zakończenia rozmów z wezwaniem do działania.,"Wykrywanie fraz związanych z call-to-action na zakończenie rozmowy (np. 'czy możemy rozpocząć proces?', 'zgadza się Pan na te warunki?').",Większa liczba rozmów zakończonych decyzją klienta o rozpoczęciu procesu.,"Czy pojawiło się cta? Jeśli tak, to jakie i jsk poszczególne sformułowania wpływały na decyzje","ofertowanie, frazy-binary, frazy-ekstrakcja, frazy-clustering, frazy-klient-sentyment, karta-kredytowa",wieloetapowe: 4,1) Klasyfikacja binarna rozmów pod kątem zjawiska; 2) Ekstrakcja charakterystycznych fraz; 3) Klasteryzacja/wzorce i porównanie vs KPI; 4) Raport i rekomendacje.,
ODZ,Karta kredytowa,Kontrola jakości,"Quality Score (ocena jakości rozmowy), Missed Information Rate ( wskaźnik brakujących elementów w rozmowie )",Nieodpowiednie komunikowanie promocji dla nowych klientów korzystających z karty kredytowej.,Analiza fraz promujących promocje kart kredytowych i ich efektywności.,Zwiększenie liczby nowych klientów zainteresowanych kartą kredytową.,Analiza fraz promujących promocje kart kredytowych dla nowych klientów; jakie sformułowania są używane i jak wpływają na klienta.,"promocje, frazy-binary, frazy-ekstrakcja, frazy-clustering, frazy-klient-sentyment, karta-kredytowa","wieloetapowe:3 (Prośba o doprecyzowanie odróżnienia od wiersza 40, potencjalnie do agregacji z 40 i dodanie )",1) Klasyfikacja binarna rozmów pod kątem zjawiska; 2) Ekstrakcja charakterystycznych fraz; 3) Klasteryzacja/wzorce i porównanie vs KPI; 4) Raport i rekomendacje.,
ODZ,Limit w koncie,Wzrost sprzedaży,"SR (Sales Revenue), SV (Sales Volumen)",Doradcy rzadko wspominają o limitach w koncie jako alternatywie dla kredytów.,Częstość przedstawiania limitu w koncie jako opcji finansowej.,Większa liczba klientów korzystających z limitu w koncie dzięki lepszemu promowaniu.,Czy doradcy przedstawiają limit w koncie jako alternatywę dla kredytów?,"limit, frazy-binary, ofertowanie",Prośba o doprecyzowanie; czy to samo co wiersz 36? Czy w rubryce refined zadanie poprawnie zinterpretowaliśmy business case?,1) Zdefiniować kryteria i etykiety; 2) Detekcja/etykietowanie przypadków; 3) Agregacja i walidacja vs KPI.,
ODZ,Kredyt konsumpcyjny,Wzrost sprzedaży,"SR (Sales Revenue), SV (Sales Volumen)",Zbyt mało rozmów zakończonych przekierowaniem do ekspertów finansowych w przypadku większych kredytów.,Wykrywanie przekierowań do ekspertów finansowych i powodów takich przekierowań.,Zwiększenie finalizacji rozmów poprzez przekierowanie do ekspertów w przypadku większych kredytów.,"Czy pojawiło się przekierowanie do eksperta finansowego? Jeśli tak, to jakie były powody","service, frazy-binary, frazy-ekstrakcja, frazy-clustering, kredyt-got",wieloetapowe:3 (opcjonalnie 4 - gdy chcemy llm-podsumowanie),1) Klasyfikacja binarna rozmów pod kątem zjawiska; 2) Ekstrakcja charakterystycznych fraz; 3) Klasteryzacja/wzorce i porównanie vs KPI; 4) Raport i rekomendacje.,
ODZ,Karta kredytowa,Wzrost sprzedaży,"SR (Sales Revenue), SV (Sales Volumen)",Brak regularnego promowania karty kredytowej w rozmowach z klientami korzystającymi z innych produktów banku.,Analiza rozmów z klientami korzystającymi z innych produktów w kontekście promowania kart kredytowych.,Zwiększenie sprzedaży kart kredytowych poprzez dotarcie do klientów korzystających z innych produktów.,"Analiza rozmów z klientami korzystającymi z innych produktów w celu sprawdzenia, czy doradca promuje kartę kredytową i w jaki sposób.","frazy-binary, frazy-ekstrakcja, frazy-clustering, karta-kredytowa, cross-sell","wieloetapowe:3 (czy to nie jest po prostu kejs z promocją karty kredytowej po prostu z oznaczeniem ""aktywny klient? Powiązanie 40,44) - prośba o doprecyzowanie",1) Klasyfikacja binarna rozmów pod kątem zjawiska; 2) Ekstrakcja charakterystycznych fraz; 3) Klasteryzacja/wzorce i porównanie vs KPI; 4) Raport i rekomendacje.,
ODZ,Kredyt konsumpcyjny,Wzrost sprzedaży,"SR (Sales Revenue), SV (Sales Volumen)","**Doradcy nie stosują spersonalizowanych argumentów, mimo posiadania danych o klientach (np. wcześniejsze produkty, historia współpracy).**","**Frazes związane z używaniem personalizacji (np. 'Pana wcześniejszy kredyt', 'na podstawie historii możemy zaproponować').**","**Zwiększenie wykorzystania personalizacji w rozmowach, co prowadzi do wyższej sprzedaży.**",Czy doradcy wykorzystują dane o kliencie (np. wcześniejsze produkty) w rozmowie kredytowej; identyfikacja spersonalizowanych argumentów i ich wpływu na sprzedaż.,"ofertowanie, personalizacja, frazy-binary, frazy-ekstrakcja, frazy-clustering, kredyt-got",wieloetapowe:3 (opcjonalnie 4 - gdy chcemy llm-podsumowanie),1) Klasyfikacja binarna rozmów pod kątem zjawiska; 2) Ekstrakcja charakterystycznych fraz; 3) Klasteryzacja/wzorce i porównanie vs KPI; 4) Raport i rekomendacje.,
ODZ,Karta kredytowa,Kontrola jakości,"Quality Score (ocena jakości rozmowy), Missed Information Rate ( wskaźnik brakujących elementów w rozmowie )",**Niski odsetek aktywacji kart kredytowych po sprzedaży – klienci nie korzystają z produktu.**,"**Frazes wskazujące brak aktywacji kart kredytowych (np. 'karta nie była jeszcze użyta', 'dlaczego Pan nie korzysta z karty').**",**Większy odsetek aktywowanych kart kredytowych po sprzedaży.**,"Identyfikacja rozmów, w których klienci nie aktywowali karty kredytowej po sprzedaży; jakie powody i frazy wskazują na brak aktywacji?","frazy-binary, frazy-ekstrakcja, frazy-clustering, karta-kredytowa, service",wieloetapowe:3 (opcjonalnie 4 - gdy chcemy llm-podsumowanie),1) Klasyfikacja binarna rozmów pod kątem zjawiska; 2) Ekstrakcja charakterystycznych fraz; 3) Klasteryzacja/wzorce i porównanie vs KPI; 4) Raport i rekomendacje.,
ODZ,Limit w koncie,Kontrola jakości,"Quality Score (ocena jakości rozmowy), Missed Information Rate ( wskaźnik brakujących elementów w rozmowie )",**Brak odpowiedniego omawiania kosztów limitu w koncie w sposób zrozumiały dla klientów.**,"**Wykrywanie rozmów, w których doradca nie tłumaczy szczegółowo kosztów limitu w koncie.**","**Lepsze zrozumienie kosztów limitu przez klientów, co zwiększy sprzedaż.**",Analiza rozmów pod kątem omówienia kosztów limitu w koncie; czy doradcy tłumaczą warunki w sposób zrozumiały dla klientów?,"frazy-binary, frazy-ekstrakcja, frazy-clustering, limit, service",wieloetapowe:3,1) Klasyfikacja binarna rozmów pod kątem zjawiska; 2) Ekstrakcja charakterystycznych fraz; 3) Klasteryzacja/wzorce i porównanie vs KPI; 4) Raport i rekomendacje.,
ODZ,Kredyt konsumpcyjny,Wzrost sprzedaży,"SR (Sales Revenue), SV (Sales Volumen)",**Niewystarczające przekonywanie klientów o korzyściach refinansowania istniejących zobowiązań poprzez kredyt konsumpcyjny.**,"**Frazes dotyczące refinansowania zobowiązań (np. 'przenieść zobowiązania', 'połączyć kredyty w jedno').**",**Zwiększenie liczby refinansowań zobowiązań za pomocą kredytu konsumpcyjnego.**,Czy doradcy przekonują klientów o korzyściach refinansowania istniejących zobowiązań poprzez kredyt konsumpcyjny; jakie frazy wykorzystują?,"frazy-binary, frazy-ekstrakcja, frazy-clustering, kredyt-got, refinansowanie",wieloetapowe:3 (opcjonalnie 4 - gdy chcemy llm-podsumowanie),1) Klasyfikacja binarna rozmów pod kątem zjawiska; 2) Ekstrakcja charakterystycznych fraz; 3) Klasteryzacja/wzorce i porównanie vs KPI; 4) Raport i rekomendacje.,
ODZ,Karta kredytowa,Kontrola jakości,"Quality Score (ocena jakości rozmowy), Missed Information Rate ( wskaźnik brakujących elementów w rozmowie )",**Klienci rezygnują z kart kredytowych po usłyszeniu warunków opłat i kosztów.**,"**Analiza rozmów, w których klienci odrzucają kartę z powodu warunków opłat (np. 'koszty są za wysokie').**",**Zredukowanie rezygnacji z kart kredytowych po przedstawieniu warunków.**,"Analiza rozmów, w których klienci rezygnują z karty kredytowej po poznaniu kosztów; zidentyfikować najczęściej używane sformułowania dotyczące wysokich opłat.","frazy-binary, frazy-ekstrakcja, frazy-clustering, karta-kredytowa, obiekcje","wieloetapowe:3 (opcjonalnie 4 - gdy chcemy llm-podsumowanie) - czy chodzi o obiekcje blokujące sprzedaż, czy rezygnacja już po finalizacji sprzedaży (ktoś ma kk i rezygnuje, gdy się zapozna z warunkami) - prośba o doprecyzowanie",1) Klasyfikacja binarna rozmów pod kątem zjawiska; 2) Ekstrakcja charakterystycznych fraz; 3) Klasteryzacja/wzorce i porównanie vs KPI; 4) Raport i rekomendacje.,
,Kredyt konsumpcyjny,Kontrola jakości,"Quality Score (ocena jakości rozmowy), Missed Information Rate ( wskaźnik brakujących elementów w rozmowie )","**Zbyt niski poziom dopytywania klientów o ich potrzeby finansowe na początku rozmowy, co prowadzi do niewłaściwej oferty.**","**Wykrywanie rozmów, gdzie doradcy nie zadają pytań o potrzeby finansowe na początku rozmowy.**",**Zwiększenie skuteczności rozmów poprzez lepsze badanie potrzeb klientów.**,"Wykrywanie rozmów, gdzie doradcy nie zadają pytań o potrzeby finansowe klienta na początku rozmowy, co prowadzi do niewłaściwej oferty.","frazy-binaryx2, kredyt-got, ofertowanie",wieloetapowe:2,1) Zdefiniować dwa klasyfikatory binarne wraz z kryteriami; 2) Oznaczyć i zweryfikować na próbkach; kalibracja progów; 3) Agregacja wyników i raportowanie KPI.,
ODZ,Limit w koncie,Kontrola jakości,"Quality Score (ocena jakości rozmowy), Missed Information Rate ( wskaźnik brakujących elementów w rozmowie )",**Ograniczona liczba doradców proponuje limity w koncie jako rozwiązanie krótkoterminowe w trudnych sytuacjach finansowych klientów.**,"**Analiza rozmów, gdzie limity w koncie nie są proponowane jako rozwiązanie kryzysowe (np. 'szybki dostęp do środków').**",**Większa liczba klientów korzystających z limitów w koncie jako krótkoterminowego rozwiązania.**,"Analiza rozmów, w których doradcy nie proponują limitu w koncie jako rozwiązania kryzysowego; identyfikacja potencjalnych sformułowań zachęcających do limitu.","frazy-binary, frazy-ekstrakcja, frazy-clustering, limit, ofertowanie",wieloetapowe:3 (opcjonalnie 4 - gdy chcemy llm-podsumowanie),1) Klasyfikacja binarna rozmów pod kątem zjawiska; 2) Ekstrakcja charakterystycznych fraz; 3) Klasteryzacja/wzorce i porównanie vs KPI; 4) Raport i rekomendacje.,
ODZ,Karta kredytowa,Kontrola jakości,"Quality Score (ocena jakości rozmowy), Missed Information Rate ( wskaźnik brakujących elementów w rozmowie )","**Niski poziom edukacji klientów na temat bezodsetkowego okresu w kartach kredytowych, co zniechęca do korzystania.**",**Frazes edukacyjne o bezodsetkowym okresie kart kredytowych (np. 'może Pan korzystać bez kosztów przez X dni').**,**Większa liczba klientów świadomych korzyści bezodsetkowego okresu w kartach kredytowych.**,Czy doradcy edukują klientów na temat bezodsetkowego okresu karty kredytowej; identyfikacja fraz edukacyjnych,"frazy-binary, frazy-ekstrakcja, frazy-clustering, karta-kredytowa, service",wieloetapowe:3 (opcjonalnie 4 - gdy chcemy llm-podsumowanie),1) Klasyfikacja binarna rozmów pod kątem zjawiska; 2) Ekstrakcja charakterystycznych fraz; 3) Klasteryzacja/wzorce i porównanie vs KPI; 4) Raport i rekomendacje.,
ODZ,Kredyt konsumpcyjny,Kontrola jakości,"Quality Score (ocena jakości rozmowy), Missed Information Rate ( wskaźnik brakujących elementów w rozmowie )",**Zbyt mała liczba klientów jest przekonywana do większych kwot kredytów przy korzystnych warunkach spłaty.**,"**Wykrywanie rozmów, w których doradcy nie proponują wyższych kwot kredytów mimo korzystnych warunków.**",**Zwiększenie średnich kwot kredytów dzięki skutecznej argumentacji doradców.**,"Czy doradcy proponują większe kwoty kredytu przy korzystnych warunkach spłaty; zidentyfikować rozmowy, w których doradcy nie proponują wyższych kwot mimo możliwości.","frazy-binary, kredyt-got, ofertowanie",,1) Zdefiniować kryteria i etykiety; 2) Detekcja/etykietowanie przypadków; 3) Agregacja i walidacja vs KPI.,
ODZ,Limit w koncie,Kontrola jakości,"Quality Score (ocena jakości rozmowy), Missed Information Rate ( wskaźnik brakujących elementów w rozmowie )",**Doradcy rzadko wspominają o możliwości jednoczesnego skorzystania z kredytu i limitu w koncie jako elastycznego rozwiązania.**,"**Analiza rozmów, gdzie doradcy nie wspominają o łączeniu kredytów i limitów w koncie jako elastycznego rozwiązania.**",**Większa liczba klientów korzystających z połączonych produktów kredytowych i limitów.**,"Analiza rozmów, w których doradcy nie wspominają o możliwości jednoczesnego skorzystania z kredytu i limitu w koncie jako elastycznego rozwiązania.","frazy-binary, limit, kredyt-got, ofertowanie","czy chcemy tylko identyfikować w których rozmowach (jakich) występuje możliwość o łączeniu kredyt limit, czy zależy nam na wyciąganiu fraz - prośba o doprecyzowanie",1) Zdefiniować kryteria i etykiety; 2) Detekcja/etykietowanie przypadków; 3) Agregacja i walidacja vs KPI.,
ODZ,Konsolidacja,Kontrola jakości,"Quality Score (ocena jakości rozmowy), Missed Information Rate ( wskaźnik brakujących elementów w rozmowie )",Nawiązywanie do kwoty minimalnej oraz odsetek od wykorzytsywaego limitu,Analiza rozmów z kampanii zarówno konsolidacyjnych jak i innych kredytowych pod kątem nawiązywanie do obecnie posiadanych produktów ( karta i limit),Zwiększenie wolumenu konsolidacji,Czy doradcy nawiązują do minimalnej kwoty i odsetek od wykorzystywanego limitu w rozmowach o konsolidacji; analiza sformułowań w kampaniach konsolidacyjnych i kredytowych.,"frazy-binary, frazy-ekstrakcja, frazy-clustering, konsolidacja, limit, kwota-minimalna",prośba o doprecyzowanie zadania,1) Klasyfikacja binarna rozmów pod kątem zjawiska; 2) Ekstrakcja charakterystycznych fraz; 3) Klasteryzacja/wzorce i porównanie vs KPI; 4) Raport i rekomendacje.,
ODZ,Konsolidacja,Wzrost sprzedaży,"SR (Sales Revenue), SV (Sales Volumen)",Czy Doradcy proponuja konsolidację wszystkich zobowiązań,"Doradcy nie proponują konsolidacji wszystkich zobowiązań kredytowych, w tym rat 0%",Zwiększenie wolumenu konsolidacji,"Czy doradcy proponują konsolidację wszystkich zobowiązań kredytowych, w tym rat 0%?","konsolidacja, frazy-binary, ofertowanie",,1) Zdefiniować kryteria i etykiety; 2) Detekcja/etykietowanie przypadków; 3) Agregacja i walidacja vs KPI.,
ODZ,Konsolidacja,Kontrola jakości,"Quality Score (ocena jakości rozmowy), Missed Information Rate ( wskaźnik brakujących elementów w rozmowie )",Czy Doradcy stosują język negatywu,"Doradcy często używają sformuowań typu ' nie opłaca się ' co zamyka im dalszą sprzedaż lub wstęp typu ' Czy nie che Pan ', zaczynanie zdań od Nie",Zwiększenie wolumenu konsolidacji,"Czy doradcy stosują negatywne sformułowania (np. ""nie opłaca się"") w rozmowach o konsolidacji","frazy-binary, konsolidacja, ofertowanie",,1) Zdefiniować kryteria i etykiety; 2) Detekcja/etykietowanie przypadków; 3) Agregacja i walidacja vs KPI.,
ODZ,Kredyt konsumpcyjny,Kontrola jakości,"Quality Score (ocena jakości rozmowy), Missed Information Rate ( wskaźnik brakujących elementów w rozmowie )",Czy Doradcy proponują współwnioskodawcę,podczas symulacji Doradcy nie proponują współwnioskodawcy,Zwiększenie wolumenu sprzedaży,Czy doradcy proponują współwnioskodawcę w sytuacji niewystarczającej zdolności kredytowej podczas symulacji?,"frazy-binary, kredyt-got, ofertowanie",,1) Zdefiniować kryteria i etykiety; 2) Detekcja/etykietowanie przypadków; 3) Agregacja i walidacja vs KPI.,
ODZ,Kredyt konsumpcyjny,Kontrola jakości,"Quality Score (ocena jakości rozmowy), Missed Information Rate ( wskaźnik brakujących elementów w rozmowie )",Czy Doradcy przechodzą do finalizacji tu i teraz,"Doradcy często proponują oddzwonienie, przekładją kontakty",Zwiększenie wolumenu sprzedaży,"Czy doradcy przechodzą do finalizacji kredytu w tej samej rozmowie, czy proponują oddzwonienie lub przekładają kontakt?","frazy-binary, kredyt-got, finalizacja",,1) Zdefiniować kryteria i etykiety; 2) Detekcja/etykietowanie przypadków; 3) Agregacja i walidacja vs KPI.,
ODZ,Kredyt konsumpcyjny,Wzrost sprzedaży,"SR (Sales Revenue), SV (Sales Volumen)",Czy Doradcy maksymalizują kwotę oferty,"Doradcy ofertują na tyle ile Klient chce, nie pytaja czy ta kwota jest wsytarczająca ani o cel kredytu",Zwiększenie wolumenu sprzedaży,"Czy doradcy maksymalizują kwotę oferty kredytowej, pytając o cel kredytu i proponując wyższą kwotę?","frazy-binary, kredyt-got, ofertowanie",,1) Zdefiniować kryteria i etykiety; 2) Detekcja/etykietowanie przypadków; 3) Agregacja i walidacja vs KPI.,
ODZ,Kredyt konsumpcyjny,Kontrola jakości,"Quality Score (ocena jakości rozmowy), Missed Information Rate ( wskaźnik brakujących elementów w rozmowie )","Czy Doradcy pytają o opinie Klienta na temat przedstawionej oferty , w tym po zbdanaiu zdolności",Doradcy po przedstawieniu oferty nie pytają Klienta o opinię i co sądzi o oferty,Zwiększenie wolumenu sprzedaży,"Czy doradcy pytają klienta o opinię na temat przedstawionej oferty, w tym po badaniu zdolności?","frazy-binary, kredyt-got, opinia-klienta",,1) Zdefiniować kryteria i etykiety; 2) Detekcja/etykietowanie przypadków; 3) Agregacja i walidacja vs KPI.,
ODZ,Kredyt konsumpcyjny/ Karta Kredytowa,Kontrola jakości,"Quality Score (ocena jakości rozmowy), Missed Information Rate ( wskaźnik brakujących elementów w rozmowie )","Czy Doradcy reagują na NIE Klienta , czy zbijają obiekcje Klienta","Doradcy nie zbijają obiekcji, mówia czesto 'Rozumiem', 'aha OK'",Zwiększenie wolumenu sprzedaży,"Czy doradcy reagują na odmowę klienta i próbują zbić obiekcje, czy przyjmują odmowę bez próby? Zidentyfikować sformułowania i reakcje.","obiekcje, frazy-binary, frazy-ekstrakcja, frazy-clustering, kredyt-got, karta-kredytowa",wieloetapowe:3 (opcjonalnie 4 - gdy chcemy llm-podsumowanie),1) Klasyfikacja binarna rozmów pod kątem zjawiska; 2) Ekstrakcja charakterystycznych fraz; 3) Klasteryzacja/wzorce i porównanie vs KPI; 4) Raport i rekomendacje.,
ODZ,Kredyt konsumpcyjny,Wzrost sprzedaży,"SR (Sales Revenue), SV (Sales Volumen)",Czy Doradcy stosują pytanien wprost czy Klient chce kredyt,Doradcy na wstepie pytaja wprost czy klient chce kredyt zamiast przedstawić ofertę językiem korzyśći,Zwiększenie wolumenu sprzedaży,"Czy doradcy stosują pytanie wprost, czy klient chce kredyt, zamiast prezentować ofertę językiem korzyści?","frazy-binary, kredyt-got, ofertowanie",,1) Zdefiniować kryteria i etykiety; 2) Detekcja/etykietowanie przypadków; 3) Agregacja i walidacja vs KPI.,
ODZ,Karta Kredytowa/Kredyt konsupcyjny,Kontrola jakości,"Quality Score (ocena jakości rozmowy), Missed Information Rate ( wskaźnik brakujących elementów w rozmowie )",Czy Doradca odnosi się do kampanii/zalet produktu,"Doradca nie odnosi się do tematu kampanii ( np kampania citi ), lub zalet produktu ( np bezpieczeństwa )",Zwiększenie wolumenu sprzedaży,"Czy doradca odnosi się do kampanii i zalet produktu (np. bezpieczeństwo, dodatkowe korzyści) podczas oferowania karty kredytowej lub kredytu konsumpcyjnego?","frazy-binary, kampania, zalety, karta-kredytowa, kredyt-got",,1) Zdefiniować kryteria i etykiety; 2) Detekcja/etykietowanie przypadków; 3) Agregacja i walidacja vs KPI.,
ODZ,Dodatkowy produkt,Wzrost sprzedaży,"SR (Sales Revenue), SV (Sales Volumen)",Czy Doradcy badaja potrzeby przed zaproponowaniem dodatkowego produktu,Doradcy proponują produkt z którego Klient nie może skorzystać np: proponują ubezpieczenie motor dla Klienta bez auta lub składaja ofertę zadając tylko jedno pytanie: 'czy chciałby Pan/i..',Zwiększenie wolumenu sprzedaży,Czy doradcy badają potrzeby klienta przed zaproponowaniem dodatkowego produktu i unikają ofert niedopasowanych?,"frazy-binaryx2, ofertowanie, cross-sell",wieloetapowe:2,1) Zdefiniować dwa klasyfikatory binarne wraz z kryteriami; 2) Oznaczyć i zweryfikować na próbkach; kalibracja progów; 3) Agregacja wyników i raportowanie KPI.,
ODZ,Docenienie,Kontrola jakości,"Quality Score (ocena jakości rozmowy), Missed Information Rate ( wskaźnik brakujących elementów w rozmowie )",Czy Doradcy doceniają Klienta w rozmowie,Doradcy nie doceniają Klienta,Zwiększenie NPS,"Czy doradcy doceniają klienta w rozmowie, używając zwrotów uznania i podziękowań?","frazy-binary, nps",,1) Zdefiniować kryteria i etykiety; 2) Detekcja/etykietowanie przypadków; 3) Agregacja i walidacja vs KPI.,
ODZ,Pobieranie raportu BIK,Kontrola jakości,"Quality Score (ocena jakości rozmowy), Missed Information Rate ( wskaźnik brakujących elementów w rozmowie )",Czy Doradcy wykonują badanie zdolności po pobraniu raportu BIK,Doradcy często pobierja raport BIK dla podglądu zobowiązań Klienta ( symulacja 0 ),Zwiększenie wolumenu sprzedaży,"Czy doradcy wykonują badanie zdolności po pobraniu raportu BIK, czy jedynie przeglądają raport bez analizy?","frazy-binary, frazy-ekstrakcja, bik, analiza-zdolnosci, kredyt-got",prośba o doprecyzowanie - co tutaj badamy,1) Klasyfikacja binarna rozmów pod kątem zjawiska; 2) Ekstrakcja charakterystycznych fraz; 3) Klasteryzacja/wzorce i porównanie vs KPI; 4) Raport i rekomendacje.,
ODZ,Obowiązki informacyjne,Kontrola jakości,"Quality Score (ocena jakości rozmowy), Missed Information Rate ( wskaźnik brakujących elementów w rozmowie )",Czy Doradcy proponują bbc dla niekaptowalnego dochodu,"Doradcy proponują bbc mimo, że dochód jest nieakceptowalny / zagraniczny lub klient samodzielnie nie ma zdolności ( rekomendują doliczenie dochodu np.;"" meża, żony )",Postępowanie zgodnie z regulacjami,"Czy doradcy proponują BBC dla nieakceptowalnego dochodu lub niewystarczającej zdolności, mimo braku możliwości?","frazy-binaryx2, ofertowanie, self-service, obowiazki-informacyjne","czy robimy po komunikacji, że dochód jest nieakcpetowalny, czy podciągamy dane z bazy",1) Zdefiniować dwa klasyfikatory binarne wraz z kryteriami; 2) Oznaczyć i zweryfikować na próbkach; kalibracja progów; 3) Agregacja wyników i raportowanie KPI.,
ODZ,Obowiązki informacyjne,Kontrola jakości,"Quality Score (ocena jakości rozmowy), Missed Information Rate ( wskaźnik brakujących elementów w rozmowie )","Czy Doradcy prawidłowo odczytują wymagane oświadczenia do procesu: MZI, APK, Regułka o Agencie, oswiadczenia do e2e",Doradcy nie odczytują w pełni poprawnie wszystkich oświadczeń lub nie podają pełnej nazwy produktu np. karta zamiast karta kredytowa,Postepowanie zgodnie z regulacjami,"Czy doradcy prawidłowo odczytują wymagane oświadczenia (MZI, APK, Regułka o Agencie, oświadczenia e2e) i używają pełnych nazw produktów?","frazy-binary, baza-wektorowa-produkty, baza-wektorowa-oswiadczenia, service",ustalenie,"1) Przygotować bazę odniesienia (słownik/wektorowa) i przykłady; 2) Retrieval (+ reranking) i porównanie do wzorca; 3) Kalibracja progów i walidacja jakości; 4) Agregacja, raport i monitoring.",
ODZ,Ubezpieczenia,Kontrola jakości,"Quality Score (ocena jakości rozmowy), Missed Information Rate ( wskaźnik brakujących elementów w rozmowie )",Czy Doradcy dążą do finalizacji w jednej rozmowie,Doradcy często polecają bbc wysyłaja oferty na maila i sami proponują zastanowienie się,Zwiększenie wolumenu sprzedaży,"Czy doradcy dążą do finalizacji sprzedaży ubezpieczenia w jednej rozmowie, zamiast odsyłać klienta do BBC lub prosić o zastanowienie","frazy-binary, ubezpieczenia, ofertowanie",,1) Zdefiniować kryteria i etykiety; 2) Detekcja/etykietowanie przypadków; 3) Agregacja i walidacja vs KPI.,
ODZ,Obowiązki informacyjne,Kontrola jakości,"Quality Score (ocena jakości rozmowy), Missed Information Rate ( wskaźnik brakujących elementów w rozmowie )",Czy Doradcy prawidłowo wykonuja identyfikację quizową,"Doradcy nie potwierdzją nazwiska Klienta, numeru tel przed wysyłka sms kodu, oraz przyjmuja błedną miejscowośc z adresu, adres mailowy",Złamanie tajemnicy bankowej,"Czy doradcy wykonują identyfikację quizową (potwierdzają nazwisko, numer telefonu, miejscowość, adres e-mail) przed wysłaniem kodu SMS?","frazy-binary, obowiazki-informacyjne, service",,1) Zdefiniować kryteria i etykiety; 2) Detekcja/etykietowanie przypadków; 3) Agregacja i walidacja vs KPI.,
ODZ,Ilość propozycji mobilnej autoryzacji,Poprawa wskaźników jakościowych FCR/NPS/Sat NET,"CSAT (satysfakcja klienta), FCR, NPS","Mniejsza niż oczekiwana liczba klientów, którzy są zweryfikowani MA",Czy doradca zaproponował MA,Zwiększenie MA,Czy doradca proponuje mobilną autoryzację (MA) w rozmowach,"frazy-binary, mobilna-autoryzacja, self-service",,1) Zdefiniować kryteria i etykiety; 2) Detekcja/etykietowanie przypadków; 3) Agregacja i walidacja vs KPI.,
ODZ,Propozycje PSK,Poprawa wskaźników jakościowych FCR/NPS/Sat NET,"FCR, NPS",Duża ilość nieaktualnych lub brak ankiety u klientów,Weryfikacja czy doradca zaproponował MA,Wzrost zrealizowanych ankiet,"Czy doradca proponuje mobilną autoryzację (MA) podczas weryfikacji PSK? Proszę o wyjaśnienie, czym jest PSK.","service, frazy-binary, kyc, nps","Prośba o doprecyzowanie, czy chodzi o propozycje wypełnienia psk?",1) Zdefiniować kryteria i etykiety; 2) Detekcja/etykietowanie przypadków; 3) Agregacja i walidacja vs KPI.,
ODZ,Aktualizacja danych,Poprawa wskaźników jakościowych FCR/NPS/Sat NET,"CSAT (satysfakcja klienta), FCR, NPS",Nieaktualne dane = brak możlwiosci sprzedaży (dowód),Czy doradcy widząc komunikat informują o konieczności aktualizacji.,Większa liczba klinentów z aktualnymi danymi w bazach co wpłynie na dostepnosć oferty.,"Czy doradcy, widząc komunikat w systemie, informują klienta o konieczności aktualizacji danych (np. dowodu)?","frazy-binary, kyc, nps, service",,1) Zdefiniować kryteria i etykiety; 2) Detekcja/etykietowanie przypadków; 3) Agregacja i walidacja vs KPI.,
ODZ,Proces kredytowy i oferta,NPS,NPS,Konkurencyjność innych banków,Opinie klientów na temat oferty,Personalizacja oferty dla klienta w BBC,Analiza wypowiedzi klientów na temat oferty kredytu oraz postrzegania konkurencji; jakie opinie i frazy pojawiają się w rozmowach?,"frazy-binary, frazy-ekstrakcja, frazy-clustering, llm-podsumowanie, opinie, kredyt-got, ofertowanie, nps",wieloetapowe:4,1) Klasyfikacja binarna rozmów pod kątem zjawiska; 2) Ekstrakcja charakterystycznych fraz; 3) Klasteryzacja/wzorce i porównanie vs KPI; 4) Raport i rekomendacje.,
Select,Retencja Select,NPS,"NPS, uproduktownienie",Rezygnacja klientów z produktów,Czy doradca korzysta z komptencji retencyjnych (utrzymanie select),Utrzymanie produktów w Linii Select,Czy doradca korzysta z kompetencji retencyjnych w rozmowach z klientami Select w celu utrzymania produktu?,"frazy-binary, retencja, select, utrzymanie",prośba o doprecyzowanie,1) Zdefiniować kryteria i etykiety; 2) Detekcja/etykietowanie przypadków; 3) Agregacja i walidacja vs KPI.,
ODZ,Screenscharing,Kontrola jakości,"Quality Score (ocena jakości rozmowy), Missed Information Rate ( wskaźnik brakujących elementów w rozmowie )",Doradcy nie wykorzystują potencjału,Czy doradca zaproponował/ mógł wykorzystać SSCH.,"Wzrost sprzedaży, doradca widząć ekran klienta może wyeliminować błędy","Czy doradca proponuje lub mógł wykorzystać funkcję screensharing podczas rozmowy, aby pomóc klientowi?","frazy-binary, screensharing, service",,1) Zdefiniować kryteria i etykiety; 2) Detekcja/etykietowanie przypadków; 3) Agregacja i walidacja vs KPI.,
Select/ PB,Produkty inwestycyjne,Kontrola jakości,"Quality Score (ocena jakości rozmowy), Missed Information Rate ( wskaźnik brakujących elementów w rozmowie )","Zakończenie rozmowy na etapy wachlarza lub ankiety, nie dokończenie zakupu.",Dlaczego klient nie skorzystał z oferty?,Wzrost sprzedaży produktów inwestycyjnych,"Analiza rozmów o produktach inwestycyjnych, w których klient nie finalizuje zakupu; jakie powody i frazy pojawiają się na etapie ankiety lub wachlarza?","frazy-binary, frazy-ekstrakcja, frazy-clustering, inwestycje, rezygnacja",wieloetapowe:3 (opcjonalnie 4 z podsumowaniem llm) - prośba o doprecyzowanie czym jest wachlarz,1) Klasyfikacja binarna rozmów pod kątem zjawiska; 2) Ekstrakcja charakterystycznych fraz; 3) Klasteryzacja/wzorce i porównanie vs KPI; 4) Raport i rekomendacje.,
ODZ,Zastrzeżony/ zablokowany pesel,Kontrola jakości,"Quality Score (ocena jakości rozmowy), Missed Information Rate ( wskaźnik brakujących elementów w rozmowie )",Duża liczba utraconych wniosków kredytowych w BBC,Potencjał na odzyskanie sprzedaży,Spadek ilosci utraconych wniosków,"Analiza rozmów, w których wniosek kredytowy zostaje utracony z powodu zastrzeżonego lub zablokowanego PESEL; jakie sformułowania padają i czy istnieje potencjał na odzyskanie sprzedaży?","frazy-binary, frazy-ekstrakcja, frazy-clustering, kredyt-got, ofertowanie",wieloetapowe:3 - co tutaj analizujemy - prośba o doprecyzowanie,1) Klasyfikacja binarna rozmów pod kątem zjawiska; 2) Ekstrakcja charakterystycznych fraz; 3) Klasteryzacja/wzorce i porównanie vs KPI; 4) Raport i rekomendacje.,
Select,Procesy obsługowe na Linii Select,SL,SL,Zbyt niski SL,"Skale procesów, weryfikacja czy procesy się powtarzają i które można przekierować na VB","Wyższy SL, klient załatwia swoja sprawę szybciej, zwiększenie efektywności doradcy","Analiza skali procesów obsługowych na linii Select; identyfikacja powtarzających się procesów, które można przekierować na VB (VoiceBot).","service, procesy-analiza, segmentacja-procesow, select, vb","wieloetapowe:2 - prośba o zdefiniowanie zadania, doprecyzowanie",1) Zdefiniować kryteria i etykiety; 2) Detekcja/etykietowanie przypadków; 3) Agregacja i walidacja vs KPI.,
ODZ,Karty kontrolne,Kontrola jakości,"Quality Score (ocena jakości rozmowy), Missed Information Rate ( wskaźnik brakujących elementów w rozmowie )",Niska skala kontroli,"Przeniesienie kontroli na automat by zwiększyć jej skalę i zweryfikować, którzy wypadają najgorzej.",Poprawa wyników kontroli w ODZ,"Czy możemy przenieść karty kontrolne na automat, aby zwiększyć skalę kontroli i zidentyfikować doradców z najsłabszymi wynikami?","kontrola, automatyzacja, analiza-wydajnosci, scoring","wieloetapowe:4 - prośba o zdefiniowanie zadania, doprecyzowanie",1) Zdefiniować kryteria i etykiety; 2) Detekcja/etykietowanie przypadków; 3) Agregacja i walidacja vs KPI.,
ODZ,Przelewy podobnie jak OPPT,SL,SL,Chemy żeby klient mógł samodzielnie potwierdzić ilość zlecone przelewy (dostepnosć w innych bankach),Zasadność blokad,"efektywność doradcy, przekierowanie odblokowywania do voice bota",Czy klient może samodzielnie potwierdzić liczbę zleconych przelewów i jakie są przeszkody (np. blokady)?,"przelewy, self-service, blokady","potrzeba doprecyzowania, co oznacza OPPT i jaki jest cel zadania",1) Zdefiniować kryteria i etykiety; 2) Detekcja/etykietowanie przypadków; 3) Agregacja i walidacja vs KPI.,
ODZ,Główne powody odsyłania klientów do Oddziału,NPS,NPS,Tracimy potencjalnego klienta,kredyt dla jdg,wzrost sprzedaży w ODZ,Zidentyfikować główne powody odsyłania klientów do oddziału (np. w kontekście kredytu dla JDG) poprzez analizę fraz w rozmowach i pogrupować je.,"frazy-binary, frazy-ekstrakcja, frazy-clustering, jdg, kredyt-got, nps",wieloetapowe:3 - duplikat wiersz 29,1) Klasyfikacja binarna rozmów pod kątem zjawiska; 2) Ekstrakcja charakterystycznych fraz; 3) Klasteryzacja/wzorce i porównanie vs KPI; 4) Raport i rekomendacje.,
ODZ,Aktualizacja dowodu na telefonie,Poprawa wskaźników jakościowych FCR/NPS/Sat NET,"CSAT (satysfakcja klienta), FCR, NPS","Doradcy nie korzystaja z procesu, klienci nie są poinformowani",czy doradcy proponują aktualizację,aktualizascja danych = możliwosć skorzystania z oferty,"Czy doradcy proponują aktualizację dowodu na telefonie podczas rozmów, informując klienta o takiej możliwości?","frazy-binary, kyc, service",,1) Zdefiniować kryteria i etykiety; 2) Detekcja/etykietowanie przypadków; 3) Agregacja i walidacja vs KPI.,
ODZ,Ubezpieczenia,Wzrost sprzedaży,"SR (Sales Revenue), SV (Sales Volumen)","Mała ilość zagajeń u doradców sprzedażowych, misseling","czy doradcy przedstawiają ofertę, a jeśli tak to czy robią to zgodnie z procedurą","większa sprzedaż produktów ubezpieczeniowych, brak konsekwencji regulatora w przypadku ewentualnych kontroli","Czy doradcy przedstawiają ofertę ubezpieczenia, a jeśli tak, czy robią to zgodnie z procedurą (unikając missellingu)? Zidentyfikować sformułowania sprzedażowe.","frazy-binary, baza-wektorowa-oswiadczenia, misselling",wieloetapowe:2,"1) Przygotować bazę odniesienia (słownik/wektorowa) i przykłady; 2) Retrieval (+ reranking) i porównanie do wzorca; 3) Kalibracja progów i walidacja jakości; 4) Agregacja, raport i monitoring.",
,Pozyskiwanie dat końca polis,Kontrola jakości,"Quality Score (ocena jakości rozmowy), Missed Information Rate ( wskaźnik brakujących elementów w rozmowie )",Niska ilość miesięczna dat końca polis,Czy doradcy pytają o datę końca polisy,Zwiększona ilość zostawionych dat końca polis,Czy doradcy pytają klientów o datę końca polisy ubezpieczeniowej,"frazy-binary, ubezpieczenia",,1) Zdefiniować kryteria i etykiety; 2) Detekcja/etykietowanie przypadków; 3) Agregacja i walidacja vs KPI.,
,Propozycja dodatkowego produktu w kampaniach ubezpieczeniowych,Wzrost sprzedaży,"Quality Score (ocena jakości rozmowy), Missed Information Rate ( wskaźnik brakujących elementów w rozmowie )",Niska sprzedaż,,,"W kampaniach ubezpieczeniowych, czy doradcy proponują klientom dodatkowy produkt?","frazy-binary, ubezpieczenia, kampania, cross-sell",,1) Zdefiniować kryteria i etykiety; 2) Detekcja/etykietowanie przypadków; 3) Agregacja i walidacja vs KPI.,
