NUMER ,NAZWA - PROJEKT,KPI,TYP (BIZNES/PROCES/KONTROLA),WHISPER/NEXIDIA,PRIORYTET,PROBLEM ,TAI-uwagi,TAI-tagi,TAI-refined zadania,OPIS- CO BADAMY ,KORZYŚCIE DLA BANKU/OBSZARU/ZESPOŁU,STRUMIEŃ,STATUS
1,Życie i zdrowie ,"SR (Sales Revenue), SV (Sales Volumen)",BIZNES,,1,Zbyt mała sprzedaż ŻIŻ do KG ,,"ofertowanie, frazy-binary, kredyt-got, ubezpieczenia","Czy podczas rozmowy telefonicznej (rozmowy sprzedażowej), która zakończyła się podpisaniem umowy kredytu gotówkowego była od doradcy propozycja zakupu ubezpieczenia życie i zdrowie",Uruchomione KG (1MSC WSTECZ) czy była propozycja ŻIŻ ,% wzrost sprzedaży ŻIŻ do KG jako ubezpieczenie niepowiązane ,ODZ,
,,,,,,,,,,,,,
,,,,,,,,,,,,,
,,,,,,,,,,,,,
2,Locum ,"SR (Sales Revenue), SV (Sales Volumen)",BIZNES,,1,Zbyt mała sprzedaż LC do KG ,,"ofertowanie, frazy-binary, kredyt-got, ubezpieczenia","Czy podczas rozmowy telefonicznej (rozmowy sprzedażowej), która zakończyła się podpisaniem umowy kredytu gotówkowego była od doradcy propozycja zakupu ubezpieczenia locum comfort",Uruchomione KG (1MSC WSTECZ) czy była propozycja LC ,% wzrost sprzedaży LC do KG jako ubezpieczenie niepowiązane ,ODZ,
3,Locum ,"SR (Sales Revenue), SV (Sales Volumen)",BIZNES,,3,Zbyt mała sprzedaż LC w  ZZSKH ,,"ofertowanie, frazy-binary, kredyt-hip, ubezpieczenia",Czy podczas rozmowy sprzedażowej z klientem zawierającym kredyt hipoteczny doradca proponował ubezpieczenie Locum Comfort?,Uruchomione KH (3MSC WSTECZ) czy była propozycja LC ,% wzrost sprzedaży LC w ZZSKH  ,ODZ,
4,Nazwa Query :Rezygnacja_z_produktu_ - konto osobiste ,"SR (Sales Revenue), SV (Sales Volumen)",BIZNES,,2,Rezygnacja z produktu/zamiana na konto Select  ,potrzeba doprecyzowania: w jakim kontekście klient rezygnuje z produktu i co oznacza zmiana na konto Select?,"rezygnacja, frazy-binary, konto-osobiste, select",,Linia Select IN. ,% wzrost konwersji z utrzymania produktu ,SELECT,
5,Nazwa Query: Poczta Glosowa ,NPS,KONTROLA,,3,Zbyt wysoki % poczty głosowej na rozmowach wychodzących ,wieloetapowe:2 - do doprecyzowania zadanie związane z mierzeniem poczty głosowej,"service, poczta-głosowa, frazy-binary, call-duration","Czy doradca utrzymuje połączenie z pocztą głosową, a nie rozłącza się po nagraniu wiadomości/usłyszeniu, że jest to poczta głosowa",Weryfikacja rozmów wychodzących trafiających na pocztę głosową. Docelowo wyszukanie przetrzymywania poczty głosowej przez doradców. ,% spadek  poczty głosowej w rozmowach wychodzących ,ODZ,
6,Ofertowanie kart przy rozmowach kredytowych,"SR (Sales Revenue), SV (Sales Volumen)",BIZNES,,1,brak dodatkowej propozycji,,"ofertowanie, frazy-binary, karta-kredytowa, kredyt-got","Czy podczas rozmowy telefonicznej o produkcie kredytowym, doradca proponuje ofertę karty kredytowej",Jak często pada oferta Karty kredytwoej w rozmowach kredytowych,wzrost ofertowania/sprzedaży KK,ODZ,
7,Analiza relacji między doradcą a klientem np. czy doradca prowadzi dialog z klientem czy monolog.,NPS,KONTROLA,,2,zbyt długie monologii doradcy (w początkowej cześci rozmowy),ustalenie,"talk-time-analysis, dialog, kredyt-got, nps",Jaki procent rozmowy stanowią monologi doradcy - zwłaszcza w początkowej części rozmowy,udział monologu doradcy w trakcie prezentacji oferty kredytowej ,spadek % monologu doradcy,ODZ,
8,ofertowanie klientów select,"SR (Sales Revenue), SV (Sales Volumen)",BIZNES,,2,sprawdzenie ofertowania po rozwiązaniu problemu klienta,,"ofertowanie, frazy-binary, select, service",Czy podczas rozmowy obsługowej - po rozwiązaniu problemu klienta - występuje przedstwienie oferty,% udział ofertowania w rozmowach obsługowych w grupie select,wzrost sprzedaży KG w grupie select,SELECT,
9,sposoby zbijania obekcji/finalizacja sprzedaży,"SR (Sales Revenue), SV (Sales Volumen)",BIZNES,,3,brak zbijania obiekcji/finalizacji sprzedaży.,wieloetapowe:3,"obiekcje, frazy-binary, frazy-ekstrakcja, frazy-clustering, sprzedaż","Identyfikacja, czy występują próby zbijania obiekcji finalizacji sprzedaży przez doradcę, jeśli tak, to zebranie takich sposobów zbicia i podsumowanie ich.",weryfikacja w jaki sposob doradca zbija obiekcje - transkrypcja przykąładowych rozmów na tekst w celu weryfikacji (czy nastapiło zbicie obekcji - jeśli tak to w jaki sposób),rozszeżenie działań nexidi związanych z transkrypcją - inf. o tym który doradca nie zbija obiekcji aby móc z nim pracować.,ODZ,
10,pls asysta BBC,"SR (Sales Revenue), SV (Sales Volumen)",BIZNES,,1,,"Brak informacji co jest badane; proszę o doprecyzowanie, czym jest ""pls asysta BBC""",,Brak informacji – proszę o uzupełnienie,czy byla rozmowa w danym dniu,,ODZ,
11,"Rozmowy, w których padło pytanie o zobowiązania zewnętrzne/padła oferta konsolidacji.","SR (Sales Revenue), SV (Sales Volumen)",BIZNES,,1,,"wieloetapowe:3 - czy na pewno o to chodzi? Czy chodzi o podsumowanie procentowe, czy chcecie frazy, jaka jest potrzeba?","konsolidacja, frazy-binary, frazy-ekstrakcja, frazy-clustering",Czy w rozmowie doradca dopytuje o zobowiązania zewnętrzne i proponuje konsolidację? Jakie sformułowania są używane?,,,ODZ,
12,"Czy doradca zaproponował asystę w digitalu, czy zostawił klienta zainteresowanego samego w procesie.",NPS,KONTROLA,,2,,,"frazy-binary, asysta-digital, self-service",Czy podczas rozmowy doradca zaproponował asystę klientowi przy wykonaniu samoobsługi w bankowości internetowej/aplikacji,,,ODZ,
13,Powody odmów,NPS,KONTROLA,,2,,wieloetapowe:3,"powody-odmow, frazy-binary, frazy-ekstrakcja, frazy-clustering","Zidentyfikować najczęstsze powody odmów ze strony klientów; wyodrębnić sformułowania opisujące powody, zgrupować je i podać przykłady.",,,ODZ,
14,"Analiza Fraz używanych przez doradców, które najczęściej prowadzą do sprzedaży","SR (Sales Revenue), SV (Sales Volumen)",KONTROLA,,1,,"wieloetapowe:2 - zakładając, że mamy oznaczone rozmowy, w których doszło do sprzedaży, jeśli nie to konieczne będzie dołożenie kroku frazy-binary","frazy-ekstrakcja, frazy-clustering, analiza-sprzedażowa","Analiza rozmów, w których doszło do sprzedaży. Jakie frazy najczęściej prowadzą do sprzedaży ",,,ODZ,
15,"Wykrycie rozmów, w których oferujemy kartę za kartę",NPS,KONTROLA,,2,,"Proszę o doprecyzowanie, co oznacza ""karta za kartę""","karta-kredytowa, frazy-binary, ofertowanie, wymiana","Wykrycie rozmów, w których doradca proponuje wymianę istniejącej karty kredytowej na nową (karta za kartę). ",,,ODZ,
16,Identyfikacja wąskich gardeł w rozmowie – kiedy klient traci zainteresowanie? Po informacji kto dzwoni/ w jakim temacie/ jak klient usłyszy koszty?,"Quality Score (ocena jakości rozmowy), Missed Information Rate ( wskaźnik brakujących elementów  w rozmowie )",KONTROLA,,2,,wieloetapowe:3,"ofertowanie, frazy-klient-sentyment, frazy-binary,frazy-clustering",Identyfikacja wąskich gardeł w rozmowie – kiedy klient traci zainteresowanie? Po informacji kto dzwoni/ w jakim temacie/ jak klient usłyszy koszty?,,,ODZ,
17,Service to sales na inboundzie w Select. czy ofertujemy klientów po rozwiązaniu jego sprawy.,"SR (Sales Revenue), SV (Sales Volumen)",BIZNES,,1,,"wieloetapowe:2 - dwukrotne klasyfikacja binary (czy sprawa rozwiązana, czy przedstawienie oferty ) - prośba o doprecyzowanie - potwierdzenia refined-zadania","ofertowanie, frazy-binaryx2, service","Po rozwiązaniu sprawy klienta na linii Select, czy doradca przedstawia ofertę sprzedażową?",,,SELECT,
18,x-sell KK do konwersji KO,"SR (Sales Revenue), SV (Sales Volumen)",BIZNES,,1,brak poropozycji karty kredytowej platinum przy konwersji konta,"co tutaj jest badane - prośba o doprecyzowanie    wieloetapowe:2 - dwukrotne klasyfikacja binary (konwersja konta, czy ofertowanie karty kredytowej)","ofertowanie, frazy-binaryx2, karta-kredytowa, cross-sell",Czy podczas konwersji konta osobistego doradca proponuje kartę kredytową?,ofertowanie karty kredytowej/konwersje sukces,wzrost x-sell,SELECT,
19,Autoryzacja mobilna,NPS,KONTROLA,,2,"Propozycja wyboru AM lub standard weryfikacji, zamiast prio na AM",co tutaj jest badane - prośba o doprecyzowanie,"mobilna-autoryzacja, frazy-binary, service, self-service",Czy doradca proponuje klientowi autoryzację mobilną zamiast standardowej weryfikacji?,"% propozycji ""czy"" z opcją wyboru po stronie konsultanta wychodzące i przychodzące",wzrost identyfikacji za pomocą AM,ODZ,
20,Możliwość wyboru sposobu finalizacji,NPS,PROCES,,1,"Propozycja wyboru ścieżki finalizacji czy BBC czy E2E, zamiast only BBC a dopiero w przypadku obiekcji E2E lub BR","prośba o wyjaśnienie skrótów (BBC, E2E, BR) doprecyzowanie - możliwe, że będzie można zrealizować to pod jednym klasyfikatorem na zasadzie lub","finalizacja, frazy-binary, service",Czy doradca przedstawia klientowi możliwość wyboru sposobu finalizacji (BBC/E2E/BR) zamiast narzucać jeden sposób?,"% propozycji ""czy"" z opcją wyboru przy finalizacji po stronie konsultanta",wzrost udziału Remote Sales,ODZ,
21,kampanie automatyczne,"Quality Score (ocena jakości rozmowy), Missed Information Rate ( wskaźnik brakujących elementów  w rozmowie )",KONTROLA,,1,brak możliwości weryfikacji rozmów po rodzaju kampani,"potrzeba doprecyzowania, jakie kampanie mają być analizowane i jaki jest cel","kampania, segmentacja, frazy-binary",Czy możliwe jest filtrowanie i analizowanie rozmów według rodzaju kampanii (np. automatycznych)? Jakie wnioski chcemy wyciągnąć?,"wszystkie pomysły z ograniczeniem do rodzaju ""kampani/paliwa""",wzrost efektywności total,ODZ,
22,Kredyt konsumpcyjny,"SR (Sales Revenue), SV (Sales Volumen)",BIZNES,,1,Niski odsetek sprzedaży kredytów w trakcie rozmów.,wieloetapowe:3 - proszę o doprecyzowanie wpływu na sprzedaż,"frazy-binary, frazy-ekstrakcja, frazy-clustering, kredyt-got, ofertowanie",Zidentyfikować frazy sprzedażowe i finalizujące w rozmowach o kredycie konsumpcyjnym i ocenić ich wpływ na sprzedaż.,Frazes kluczowe związane z ofertą kredytu i finalizacją rozmowy.,Wzrost liczby sprzedanych kredytów w rozmowach.,ODZ,
23,Kredyt konsumpcyjny,"SR (Sales Revenue), SV (Sales Volumen)",BIZNES,,1,Niska średnia wartość udzielanych kredytów.,"wieloetapowe:3 - proszę o doprecyzowaie, czy prawidłowo określiliśmy zadanie w polu refined_zadanie","frazy-binary, frazy-ekstrakcja, frazy-clustering, kredyt-got, kwota, rata","Analiza rozmów pod kątem omawiania kwoty i raty kredytu; czy doradca wykorzystuje te elementy, aby zachęcić do wyższej kwoty?","Frazes dotyczące warunków kredytu, takich jak kwota i rata.",Zwiększenie średniej wartości kredytów.,ODZ,
24,Cross-sell (kredyt + ubezpieczenie),"SR (Sales Revenue), SV (Sales Volumen)",BIZNES,,2,Niski wskaźnik oferowania produktów dodatkowych w rozmowach.,"wieloetapowe:3 - proszę o doprecyzowaie, czy prawidłowo określiliśmy zadanie w polu refined_zadanie","cross-sell, frazy-binary, frazy-ekstrakcja, frazy-clustering, kredyt-got, ubezpieczenia",Czy doradca podczas rozmowy o kredycie proponuje dodatkowe ubezpieczenie oraz jakie korzyści przedstawia?,Frazes związane z oferowaniem produktów dodatkowych i ich korzyściami.,Wzrost liczby produktów cross-sell sprzedanych w rozmowie.,ODZ,
25,Kredyt konsumpcyjny,"SR (Sales Revenue), SV (Sales Volumen)",BIZNES,,2,Zbyt dużo klientów kierowanych do oddziałów zamiast finalizacji telefonicznej.,wieloetapowe:3,"service, frazy-binary, frazy-ekstrakcja, frazy-clustering, kredyt-got","Czy klient został przekierowany do oddziału zamiast sfinalizować kredyt telefonicznie, i jakie były powody?",Częstość przenoszenia klientów do oddziałów i powody tego działania.,Zmniejszenie liczby klientów kierowanych do oddziałów.,ODZ,
26,Segmentacja klientów,NPS,KONTROLA,,2,Nierównomierna skuteczność rozmów między różnymi segmentami klientów.,wieloetapowe:4 - jeśli tylko sprzedazowe analizujemy to 3 (ustalenie),"frazy-binary, frazy-ekstrakcja,frazy-clustering, llm-opis-segment, nps",Analiza skuteczności rozmów w zależności od segmentu klienta; jakie elementy rozmowy wpływają na sukces w poszczególnych segmentach?,Analiza skuteczności rozmów w zależności od segmentu klienta.,Poprawa skuteczności rozmów w mniej efektywnych segmentach klientów.,ODZ,
27,Zarządzanie obiekcjami,NPS,KONTROLA,,2,Niska skuteczność doradców w odpowiadaniu na obiekcje klientów.,wieloetapowe:4 (ustalenie),"obiekcje, frazy-binary, frazy-ekstrakcja, frazy-clustering, nps, llm-opis-ocena",Identyfikacja obiekcji klientów i odpowiedzi doradców; ocena skuteczności zarządzania obiekcjami,Identyfikacja obiekcji klientów i odpowiedzi doradców na te obiekcje.,Zwiększenie liczby obiekcji skutecznie rozwiązanych przez doradców.,ODZ,
28,Komunikacja doradcy (parafrazowanie),NPS,KONTROLA,,2,Brak aktywnego słuchania i potwierdzania potrzeb klientów.,wieloetapowe:2 (lub jeden etap tylko pair classification - do ustalenia),"frazy-binary, pair-classfication-client-agent, service,nps","Czy w rozmowie doradca aktywnie słucha i potwierdza potrzeby klienta - czy parafrazuje to, co powiedział klient",Częstość używania fraz potwierdzających i parafrazowania przez doradców.,Poprawa satysfakcji klienta i wyższa finalizacja rozmów.,ODZ,
29,Kredyt konsumpcyjny,"SR (Sales Revenue), SV (Sales Volumen)",BIZNES,,2,Brak odpowiedniego dostosowania oferty kredytowej do potrzeb klientów.,wieloetapowe:3 (ustalenie),"nps, frazy-binaryx2, frazy-ekstrakcja, frazy-clustering, kredyt-got",Czy doradcy badają potrzeby klienta i dostosowują ofertę kredytu gotówkowego; analiza fraz dotyczących potrzeb i dopasowania oferty.,Analiza dopasowania oferty kredytowej na podstawie fraz związanych z potrzebami klientów.,"Lepsze dopasowanie ofert kredytowych do potrzeb klientów, zwiększenie sprzedaży.",ODZ,
30,Karta kredytowa,"SR (Sales Revenue), SV (Sales Volumen)",BIZNES,,1,Niska liczba klientów zainteresowanych kartami kredytowymi.,wieloetapowe:3 - do doprecyzowania o co chodzi o korealcja finalizacji sprzedaży ,"promocje, frazy-binary, frazy-ekstrakcja, frazy-clustering, karta-kredytowa","Wyszukiwanie rozmów, w których doradcy promują karty kredytowe i analizowanie wpływu takich fraz na finalizację sprzedaży.",Wykrywanie fraz promujących karty kredytowe w rozmowach i ich korelacja z finalizacją sprzedaży.,Wzrost zainteresowania kartami kredytowymi i ich sprzedaż.,ODZ,
31,Kredyt konsumpcyjny,"SR (Sales Revenue), SV (Sales Volumen)",BIZNES,,2,"Doradcy nie oferują kredytów przy każdej rozmowie, gdy jest to możliwe.","wieloetapowe:3 (lub 4, jeśli dorzucimy llm-podsumowanie - w zależności od potrzeb) czy to ma być przekrojowe - jakie frazy występują, gdy występuje ofertowanie kredytu? Prośba o doprecyzowanie","ofertowanie, frazy-binary, frazy-ekstrakcja, frazy-clustering, kredyt","Czy doradca miał szansę zaproponować kredyt, ale tego nie zrobił? Gdy przedstawił ofertę, to jakich fraz użył",Frazes związane z przedstawianiem oferty kredytu w trakcie rozmowy.,"Zwiększenie liczby rozmów, w których przedstawiana jest oferta kredytowa.",ODZ,
32,Karta kredytowa,"SR (Sales Revenue), SV (Sales Volumen)",BIZNES,,2,"Brak odpowiedniego promowania korzyści karty kredytowej, takich jak cashback czy programy lojalnościowe.",czy chcem zbierać informacje w jaki sposób? Czy tylko czy? - prośba o doprecyzowanie,"ofertowanie,frazy-binary, karta kredytowa","Czy doradca przedstawia zalety karty kredytowej - cashback, programy lojalnościowe, i inne korzyści",Frazes dotyczące promocji kart kredytowych i unikalnych korzyści.,Większa liczba klientów korzystających z kart kredytowych dzięki lepszemu przedstawieniu ich korzyści.,ODZ,
33,Limit w koncie,"SR (Sales Revenue), SV (Sales Volumen)",BIZNES,,3,Niski odsetek klientów korzystających z limitów w koncie.,czy chcem zbierać informacje w jaki sposób? Czy tylko czy? - prośba o doprecyzowanie,"limit, frazy-binary, ofertowanie","Wykrywanie rozmów, w których oferta limitu w koncie nie została przedstawiona.","Wykrywanie rozmów, w których oferta limitu w koncie nie została przedstawiona.",Większy odsetek klientów aktywujących limity w koncie.,ODZ,
34,Limit w koncie,"SR (Sales Revenue), SV (Sales Volumen)",BIZNES,,3,"Niewystarczające omawianie korzyści limitów w koncie (np. elastyczność, szybki dostęp do środków).",wieloetapowe: 4 - częściowy dubel wiersz 37 - prośba o doprecyzowanie,"ofertowanie, frazy-binary, frazy-ekstrakcja, frazy-clustering, frazy-klient-sentyment, limit","Czy pojawiło się ofertowanie limitu w koncie?  Jeśli tak, to jak doradca ofertował klienta i jak poszczególne sformułowania wpływały na decyzje ",Analiza fraz dotyczących korzyści limitu w koncie i ich wpływu na decyzję klienta.,Zwiększenie sprzedaży limitów w koncie poprzez lepsze przedstawienie ich zalet.,ODZ,
35,Kredyt konsumpcyjny,"SR (Sales Revenue), SV (Sales Volumen)",BIZNES,,2,"Nieodpowiednie zarządzanie obiekcjami klientów, szczególnie w rozmowach o kredytach.",wieloetapowe:3 (opcjonalnie 4 - gdy chcemy llm-podsumowanie),"obiekcje, frazy-binary, frazy-ekstrakcja, frazy-clustering,kredyt-got",Czy klient zgłosił obiekcje do finalizacji? Jakie było to obiekcje?,Identyfikacja najczęściej występujących obiekcji klientów przy rozmowach o kredytach.,Poprawa skuteczności rozmów poprzez lepsze zarządzanie obiekcjami.,ODZ,
36,Karta kredytowa,"Quality Score (ocena jakości rozmowy), Missed Information Rate ( wskaźnik brakujących elementów  w rozmowie )",KONTROLA,,2,Brak informacji o dodatkowych promocjach związanych z kartami kredytowymi.,wieloetapowe:4 - prośba o doprecyzowanie czy poprawnie zdefiniowanie zadanie w refined zadania,"ofertowanie, frazy-binary, frazy-ekstrakcja, frazy-clustering, llm-opis-ocena,karta-kredytowa",Wyszukiwanie rozmów z frazami dotyczącymi promocji i dodatkowych korzyści kart kredytowych oraz analiza sposobu ich prezentacji.,Wyszukiwanie rozmów z frazami dotyczącymi promocji i dodatkowych korzyści kart kredytowych.,Zwiększenie sprzedaży kart kredytowych poprzez promowanie dodatkowych korzyści.,ODZ,
37,Kredyt konsumpcyjny,"Quality Score (ocena jakości rozmowy), Missed Information Rate ( wskaźnik brakujących elementów  w rozmowie )",KONTROLA,,2,Zbyt mała liczba rozmów kończy się symulacją kredytową.,,"ofertowanie, frazy-binary, kredyt-got",Czy wystąpiła symulacja kredytowa w rozmowie,Częstość składania symulacji kredytowej w rozmowach.,"Większa liczba rozmów kończących się symulacją kredytową, co zwiększa potencjalną finalizację sprzedaży.",ODZ,
38,Karta kredytowa,"Quality Score (ocena jakości rozmowy), Missed Information Rate ( wskaźnik brakujących elementów  w rozmowie )",KONTROLA,,2,Nieodpowiednie prowadzenie rozmowy o kartach kredytowych w celu zwiększenia zainteresowania.,wieloetapowe: 4,"ofertowanie, frazy-binary, frazy-ekstrakcja, frazy-clustering, frazy-klient-sentyment, karta-kredytowa","Czy pojawiło się ofertowanie karty kredytowych w koncie?  Jeśli tak, to jak doradca ofertował klienta i jak poszczególne sformułowania wpływały na decyzje ",Analiza skuteczności fraz promujących karty kredytowe i ich wpływu na zainteresowanie.,Zwiększenie liczby klientów zainteresowanych kartami kredytowymi dzięki poprawie rozmów.,ODZ,
39,Kredyt konsumpcyjny,"Quality Score (ocena jakości rozmowy), Missed Information Rate ( wskaźnik brakujących elementów  w rozmowie )",KONTROLA,,2,Brak spójnego zakończenia rozmów z wezwaniem do działania.,wieloetapowe: 4,"ofertowanie, frazy-binary, frazy-ekstrakcja, frazy-clustering, frazy-klient-sentyment, karta-kredytowa","Czy pojawiło się cta?  Jeśli tak, to jakie i jsk poszczególne sformułowania wpływały na decyzje ","Wykrywanie fraz związanych z call-to-action na zakończenie rozmowy (np. 'czy możemy rozpocząć proces?', 'zgadza się Pan na te warunki?').",Większa liczba rozmów zakończonych decyzją klienta o rozpoczęciu procesu.,ODZ,
40,Karta kredytowa,"Quality Score (ocena jakości rozmowy), Missed Information Rate ( wskaźnik brakujących elementów  w rozmowie )",KONTROLA,,2,Nieodpowiednie komunikowanie promocji dla nowych klientów korzystających z karty kredytowej.,"wieloetapowe:3 (Prośba o doprecyzowanie odróżnienia od wiersza 40,  potencjalnie do agregacji z 40 i dodanie )","promocje, frazy-binary, frazy-ekstrakcja, frazy-clustering,frazy-klient-sentyment, karta-kredytowa",Analiza fraz promujących promocje kart kredytowych dla nowych klientów; jakie sformułowania są używane i jak wpływają na klienta.,Analiza fraz promujących promocje kart kredytowych i ich efektywności.,Zwiększenie liczby nowych klientów zainteresowanych kartą kredytową.,ODZ,
41,Limit w koncie,"SR (Sales Revenue), SV (Sales Volumen)",BIZNES,,3,Doradcy rzadko wspominają o limitach w koncie jako alternatywie dla kredytów.,Prośba o doprecyzowanie; czy to samo co wiersz 36? Czy w rubryce refined zadanie poprawnie zinterpretowaliśmy business case?,"limit, frazy-binary, ofertowanie",Czy doradcy przedstawiają limit w koncie jako alternatywę dla kredytów?,Częstość przedstawiania limitu w koncie jako opcji finansowej.,Większa liczba klientów korzystających z limitu w koncie dzięki lepszemu promowaniu.,ODZ,
42,Kredyt konsumpcyjny,"SR (Sales Revenue), SV (Sales Volumen)",BIZNES,,2,Zbyt mało rozmów zakończonych przekierowaniem do ekspertów finansowych w przypadku większych kredytów.,wieloetapowe:3 (opcjonalnie 4 - gdy chcemy llm-podsumowanie),"service, frazy-binary, frazy-ekstrakcja, frazy-clustering, kredyt-got","Czy pojawiło się przekierowanie do eksperta finansowego? Jeśli tak, to jakie były powody",Wykrywanie przekierowań do ekspertów finansowych i powodów takich przekierowań.,Zwiększenie finalizacji rozmów poprzez przekierowanie do ekspertów w przypadku większych kredytów.,ODZ,
43,Karta kredytowa,"SR (Sales Revenue), SV (Sales Volumen)",BIZNES,,2,Brak regularnego promowania karty kredytowej w rozmowach z klientami korzystającymi z innych produktów banku.,"wieloetapowe:3 (czy to nie jest po prostu kejs z promocją karty kredytowej po prostu z oznaczeniem ""aktywny klient? Powiązanie 40,44) - prośba o doprecyzowanie","frazy-binary, frazy-ekstrakcja, frazy-clustering, karta-kredytowa, cross-sell","Analiza rozmów z klientami korzystającymi z innych produktów w celu sprawdzenia, czy doradca promuje kartę kredytową i w jaki sposób.",Analiza rozmów z klientami korzystającymi z innych produktów w kontekście promowania kart kredytowych.,Zwiększenie sprzedaży kart kredytowych poprzez dotarcie do klientów korzystających z innych produktów.,ODZ,
44,Kredyt konsumpcyjny,"SR (Sales Revenue), SV (Sales Volumen)",BIZNES,,2,"**Doradcy nie stosują spersonalizowanych argumentów, mimo posiadania danych o klientach (np. wcześniejsze produkty, historia współpracy).**",wieloetapowe:3 (opcjonalnie 4 - gdy chcemy llm-podsumowanie),"ofertowanie,personalizacja, frazy-binary, frazy-ekstrakcja, frazy-clustering, kredyt-got",Czy doradcy wykorzystują dane o kliencie (np. wcześniejsze produkty) w rozmowie kredytowej; identyfikacja spersonalizowanych argumentów i ich wpływu na sprzedaż.,"**Frazes związane z używaniem personalizacji (np. 'Pana wcześniejszy kredyt', 'na podstawie historii możemy zaproponować').**","**Zwiększenie wykorzystania personalizacji w rozmowach, co prowadzi do wyższej sprzedaży.**",ODZ,
45,Karta kredytowa,"Quality Score (ocena jakości rozmowy), Missed Information Rate ( wskaźnik brakujących elementów  w rozmowie )",KONTROLA,,2,**Niski odsetek aktywacji kart kredytowych po sprzedaży – klienci nie korzystają z produktu.**,wieloetapowe:3 (opcjonalnie 4 - gdy chcemy llm-podsumowanie),"frazy-binary, frazy-ekstrakcja, frazy-clustering, karta-kredytowa, service","Identyfikacja rozmów, w których klienci nie aktywowali karty kredytowej po sprzedaży; jakie powody i frazy wskazują na brak aktywacji?","**Frazes wskazujące brak aktywacji kart kredytowych (np. 'karta nie była jeszcze użyta', 'dlaczego Pan nie korzysta z karty').**",**Większy odsetek aktywowanych kart kredytowych po sprzedaży.**,ODZ,
46,Limit w koncie,"Quality Score (ocena jakości rozmowy), Missed Information Rate ( wskaźnik brakujących elementów  w rozmowie )",KONTROLA,,3,**Brak odpowiedniego omawiania kosztów limitu w koncie w sposób zrozumiały dla klientów.**,wieloetapowe:3,"frazy-binary, frazy-ekstrakcja, frazy-clustering, limit, service",Analiza rozmów pod kątem omówienia kosztów limitu w koncie; czy doradcy tłumaczą warunki w sposób zrozumiały dla klientów?,"**Wykrywanie rozmów, w których doradca nie tłumaczy szczegółowo kosztów limitu w koncie.**","**Lepsze zrozumienie kosztów limitu przez klientów, co zwiększy sprzedaż.**",ODZ,
47,Kredyt konsumpcyjny,"SR (Sales Revenue), SV (Sales Volumen)",BIZNES,,2,**Niewystarczające przekonywanie klientów o korzyściach refinansowania istniejących zobowiązań poprzez kredyt konsumpcyjny.**,wieloetapowe:3 (opcjonalnie 4 - gdy chcemy llm-podsumowanie),"frazy-binary, frazy-ekstrakcja, frazy-clustering, kredyt-got, refinansowanie",Czy doradcy przekonują klientów o korzyściach refinansowania istniejących zobowiązań poprzez kredyt konsumpcyjny; jakie frazy wykorzystują?,"**Frazes dotyczące refinansowania zobowiązań (np. 'przenieść zobowiązania', 'połączyć kredyty w jedno').**",**Zwiększenie liczby refinansowań zobowiązań za pomocą kredytu konsumpcyjnego.**,ODZ,
48,Karta kredytowa,"Quality Score (ocena jakości rozmowy), Missed Information Rate ( wskaźnik brakujących elementów  w rozmowie )",KONTROLA,,2,**Klienci rezygnują z kart kredytowych po usłyszeniu warunków opłat i kosztów.**,"wieloetapowe:3 (opcjonalnie 4 - gdy chcemy llm-podsumowanie) - czy chodzi o obiekcje blokujące sprzedaż, czy rezygnacja już po finalizacji sprzedaży (ktoś ma kk i rezygnuje, gdy się zapozna z warunkami) - prośba o doprecyzowanie","frazy-binary, frazy-ekstrakcja, frazy-clustering, karta-kredytowa, obiekcje","Analiza rozmów, w których klienci rezygnują z karty kredytowej po poznaniu kosztów; zidentyfikować najczęściej używane sformułowania dotyczące wysokich opłat.","**Analiza rozmów, w których klienci odrzucają kartę z powodu warunków opłat (np. 'koszty są za wysokie').**",**Zredukowanie rezygnacji z kart kredytowych po przedstawieniu warunków.**,ODZ,
49,Kredyt konsumpcyjny,"Quality Score (ocena jakości rozmowy), Missed Information Rate ( wskaźnik brakujących elementów  w rozmowie )",KONTROLA,,2,"**Zbyt niski poziom dopytywania klientów o ich potrzeby finansowe na początku rozmowy, co prowadzi do niewłaściwej oferty.**",wieloetapowe:2,"frazy-binaryx2,kredyt-got, ofertowanie","Wykrywanie rozmów, gdzie doradcy nie zadają pytań o potrzeby finansowe klienta na początku rozmowy, co prowadzi do niewłaściwej oferty.","**Wykrywanie rozmów, gdzie doradcy nie zadają pytań o potrzeby finansowe na początku rozmowy.**",**Zwiększenie skuteczności rozmów poprzez lepsze badanie potrzeb klientów.**,,
50,Limit w koncie,"Quality Score (ocena jakości rozmowy), Missed Information Rate ( wskaźnik brakujących elementów  w rozmowie )",KONTROLA,,3,**Ograniczona liczba doradców proponuje limity w koncie jako rozwiązanie krótkoterminowe w trudnych sytuacjach finansowych klientów.**,wieloetapowe:3 (opcjonalnie 4 - gdy chcemy llm-podsumowanie),"frazy-binary, frazy-ekstrakcja, frazy-clustering, limit, ofertowanie","Analiza rozmów, w których doradcy nie proponują limitu w koncie jako rozwiązania kryzysowego; identyfikacja potencjalnych sformułowań zachęcających do limitu.","**Analiza rozmów, gdzie limity w koncie nie są proponowane jako rozwiązanie kryzysowe (np. 'szybki dostęp do środków').**",**Większa liczba klientów korzystających z limitów w koncie jako krótkoterminowego rozwiązania.**,ODZ,
51,Karta kredytowa,"Quality Score (ocena jakości rozmowy), Missed Information Rate ( wskaźnik brakujących elementów  w rozmowie )",KONTROLA,,2,"**Niski poziom edukacji klientów na temat bezodsetkowego okresu w kartach kredytowych, co zniechęca do korzystania.**",wieloetapowe:3 (opcjonalnie 4 - gdy chcemy llm-podsumowanie),"frazy-binary, frazy-ekstrakcja, frazy-clustering, karta-kredytowa, service",Czy doradcy edukują klientów na temat bezodsetkowego okresu karty kredytowej; identyfikacja fraz edukacyjnych,**Frazes edukacyjne o bezodsetkowym okresie kart kredytowych (np. 'może Pan korzystać bez kosztów przez X dni').**,**Większa liczba klientów świadomych korzyści bezodsetkowego okresu w kartach kredytowych.**,ODZ,
52,Kredyt konsumpcyjny,"Quality Score (ocena jakości rozmowy), Missed Information Rate ( wskaźnik brakujących elementów  w rozmowie )",KONTROLA,,2,**Zbyt mała liczba klientów jest przekonywana do większych kwot kredytów przy korzystnych warunkach spłaty.**,,"frazy-binary,kredyt-got, ofertowanie","Czy doradcy proponują większe kwoty kredytu przy korzystnych warunkach spłaty; zidentyfikować rozmowy, w których doradcy nie proponują wyższych kwot mimo możliwości.","**Wykrywanie rozmów, w których doradcy nie proponują wyższych kwot kredytów mimo korzystnych warunków.**",**Zwiększenie średnich kwot kredytów dzięki skutecznej argumentacji doradców.**,ODZ,
53,Limit w koncie,"Quality Score (ocena jakości rozmowy), Missed Information Rate ( wskaźnik brakujących elementów  w rozmowie )",KONTROLA,,3,**Doradcy rzadko wspominają o możliwości jednoczesnego skorzystania z kredytu i limitu w koncie jako elastycznego rozwiązania.**,"czy chcemy tylko identyfikować w których rozmowach (jakich) występuje możliwość  o łączeniu kredyt limit, czy zależy nam na wyciąganiu fraz - prośba o doprecyzowanie","frazy-binary, limit, kredyt-got, ofertowanie","Analiza rozmów, w których doradcy nie wspominają o możliwości jednoczesnego skorzystania z kredytu i limitu w koncie jako elastycznego rozwiązania.","**Analiza rozmów, gdzie doradcy nie wspominają o łączeniu kredytów i limitów w koncie jako elastycznego rozwiązania.**",**Większa liczba klientów korzystających z połączonych produktów kredytowych i limitów.**,ODZ,
54,Konsolidacja ,"Quality Score (ocena jakości rozmowy), Missed Information Rate ( wskaźnik brakujących elementów  w rozmowie )",KONTROLA,,3,Nawiązywanie do kwoty minimalnej oraz odsetek od wykorzytsywaego limitu ,prośba o doprecyzowanie zadania,"frazy-binary, frazy-ekstrakcja, frazy-clustering, konsolidacja, limit, kwota-minimalna",Czy doradcy nawiązują do minimalnej kwoty i odsetek od wykorzystywanego limitu w rozmowach o konsolidacji; analiza sformułowań w kampaniach konsolidacyjnych i kredytowych.,Analiza rozmów z kampanii zarówno konsolidacyjnych jak i innych kredytowych pod kątem nawiązywanie do obecnie posiadanych produktów ( karta i limit),Zwiększenie wolumenu konsolidacji ,ODZ,
55,Konsolidacja ,"SR (Sales Revenue), SV (Sales Volumen)",BIZNES,,1,Czy Doradcy proponuja konsolidację wszystkich zobowiązań ,,"konsolidacja, frazy-binary, ofertowanie","Czy doradcy proponują konsolidację wszystkich zobowiązań kredytowych, w tym rat 0%?","Doradcy nie proponują konsolidacji wszystkich zobowiązań kredytowych, w tym rat 0%",Zwiększenie wolumenu konsolidacji ,ODZ,
56,Konsolidacja ,"Quality Score (ocena jakości rozmowy), Missed Information Rate ( wskaźnik brakujących elementów  w rozmowie )",KONTROLA,,1,Czy Doradcy stosują język negatywu,,"frazy-binary, konsolidacja, ofertowanie","Czy doradcy stosują negatywne sformułowania (np. ""nie opłaca się"") w rozmowach o konsolidacji","Doradcy często używają sformuowań typu ' nie opłaca się ' co zamyka im dalszą sprzedaż lub wstęp typu ' Czy nie che Pan ', zaczynanie zdań od Nie",Zwiększenie wolumenu konsolidacji ,ODZ,
57,Kredyt konsumpcyjny,"Quality Score (ocena jakości rozmowy), Missed Information Rate ( wskaźnik brakujących elementów  w rozmowie )",KONTROLA,,1,Czy Doradcy proponują współwnioskodawcę,,"frazy-binary, kredyt-got, ofertowanie",Czy doradcy proponują współwnioskodawcę w sytuacji niewystarczającej zdolności kredytowej podczas symulacji?,podczas symulacji Doradcy nie proponują współwnioskodawcy,Zwiększenie wolumenu sprzedaży,ODZ,
58,Kredyt konsumpcyjny,"Quality Score (ocena jakości rozmowy), Missed Information Rate ( wskaźnik brakujących elementów  w rozmowie )",KONTROLA,,1,Czy Doradcy przechodzą do finalizacji tu i teraz,,"frazy-binary, kredyt-got, finalizacja","Czy doradcy przechodzą do finalizacji kredytu w tej samej rozmowie, czy proponują oddzwonienie lub przekładają kontakt?","Doradcy często proponują oddzwonienie, przekładją kontakty",Zwiększenie wolumenu sprzedaży,ODZ,
59,Kredyt konsumpcyjny,"SR (Sales Revenue), SV (Sales Volumen)",BIZNES,,1,Czy Doradcy maksymalizują kwotę oferty,,"frazy-binary, kredyt-got, ofertowanie","Czy doradcy maksymalizują kwotę oferty kredytowej, pytając o cel kredytu i proponując wyższą kwotę?","Doradcy ofertują na tyle ile Klient chce, nie pytaja czy ta kwota jest wsytarczająca ani o cel kredytu",Zwiększenie wolumenu sprzedaży,ODZ,
60,Kredyt konsumpcyjny,"Quality Score (ocena jakości rozmowy), Missed Information Rate ( wskaźnik brakujących elementów  w rozmowie )",KONTROLA,,1,"Czy Doradcy pytają o opinie Klienta na temat przedstawionej oferty , w tym po zbdanaiu zdolności",,"frazy-binary, kredyt-got, opinia-klienta","Czy doradcy pytają klienta o opinię na temat przedstawionej oferty, w tym po badaniu zdolności?",Doradcy po przedstawieniu oferty nie pytają Klienta o opinię i co sądzi o oferty ,Zwiększenie wolumenu sprzedaży,ODZ,
61,Kredyt konsumpcyjny/ Karta Kredytowa,"Quality Score (ocena jakości rozmowy), Missed Information Rate ( wskaźnik brakujących elementów  w rozmowie )",KONTROLA,,1,"Czy Doradcy reagują na NIE Klienta , czy zbijają obiekcje Klienta",wieloetapowe:3 (opcjonalnie 4 - gdy chcemy llm-podsumowanie),"obiekcje, frazy-binary, frazy-ekstrakcja, frazy-clustering, kredyt-got, karta-kredytowa","Czy doradcy reagują na odmowę klienta i próbują zbić obiekcje, czy przyjmują odmowę bez próby? Zidentyfikować sformułowania i reakcje.","Doradcy nie zbijają obiekcji, mówia czesto 'Rozumiem', 'aha OK'",Zwiększenie wolumenu sprzedaży,ODZ,
62,Kredyt konsumpcyjny,"SR (Sales Revenue), SV (Sales Volumen)",BIZNES,,1,Czy Doradcy stosują pytanien wprost  czy Klient chce kredyt,,"frazy-binary, kredyt-got,ofertowanie","Czy doradcy stosują pytanie wprost, czy klient chce kredyt, zamiast prezentować ofertę językiem korzyści?",Doradcy na wstepie pytaja wprost czy klient chce kredyt zamiast przedstawić ofertę językiem korzyśći,Zwiększenie wolumenu sprzedaży,ODZ,
63,Karta Kredytowa/Kredyt konsupcyjny,"Quality Score (ocena jakości rozmowy), Missed Information Rate ( wskaźnik brakujących elementów  w rozmowie )",KONTROLA,,1,Czy Doradca odnosi się do kampanii/zalet produktu,,"frazy-binary, kampania, zalety, karta-kredytowa, kredyt-got","Czy doradca odnosi się do kampanii i zalet produktu (np. bezpieczeństwo, dodatkowe korzyści) podczas oferowania karty kredytowej lub kredytu konsumpcyjnego?","Doradca nie odnosi się do tematu kampanii ( np kampania citi ), lub zalet produktu ( np bezpieczeństwa )",Zwiększenie wolumenu sprzedaży,ODZ,
64,Dodatkowy produkt,"SR (Sales Revenue), SV (Sales Volumen)",BIZNES,,1,Czy Doradcy badaja potrzeby przed zaproponowaniem dodatkowego produktu,wieloetapowe:2,"frazy-binaryx2, ofertowanie, cross-sell",Czy doradcy badają potrzeby klienta przed zaproponowaniem dodatkowego produktu i unikają ofert niedopasowanych?,Doradcy proponują produkt z którego Klient nie może skorzystać np: proponują ubezpieczenie motor dla Klienta bez auta lub składaja ofertę zadając tylko jedno pytanie: 'czy chciałby Pan/i..',Zwiększenie wolumenu sprzedaży,ODZ,
65,Docenienie,"Quality Score (ocena jakości rozmowy), Missed Information Rate ( wskaźnik brakujących elementów  w rozmowie )",KONTROLA,,1,Czy Doradcy doceniają Klienta w rozmowie,,"frazy-binary, nps","Czy doradcy doceniają klienta w rozmowie, używając zwrotów uznania i podziękowań?",Doradcy nie doceniają Klienta,Zwiększenie NPS,ODZ,
66,Pobieranie raportu BIK ,"Quality Score (ocena jakości rozmowy), Missed Information Rate ( wskaźnik brakujących elementów  w rozmowie )",KONTROLA,,1,Czy Doradcy wykonują badanie zdolności po pobraniu raportu BIK,prośba o doprecyzowanie - co tutaj badamy,"frazy-binary, frazy-ekstrakcja, bik, analiza-zdolności, kredyt-got","Czy doradcy wykonują badanie zdolności po pobraniu raportu BIK, czy jedynie przeglądają raport bez analizy?",Doradcy często pobierja raport BIK dla podglądu zobowiązań Klienta ( symulacja 0 ),Zwiększenie wolumenu sprzedaży,ODZ,
67,Obowiązki informacyjne,"Quality Score (ocena jakości rozmowy), Missed Information Rate ( wskaźnik brakujących elementów  w rozmowie )",KONTROLA,,1,Czy Doradcy proponują bbc dla niekaptowalnego dochodu,"czy robimy po komunikacji, że dochód jest nieakcpetowalny, czy podciągamy dane z bazy","frazy-binaryx2, ofertowanie, self-service, obowiazki-informacyjne,obowiazki-informacyjne","Czy doradcy proponują BBC dla nieakceptowalnego dochodu lub niewystarczającej zdolności, mimo braku możliwości? ","Doradcy proponują bbc mimo, że dochód jest nieakceptowalny / zagraniczny lub klient samodzielnie nie ma zdolności ( rekomendują doliczenie dochodu np.;"" meża, żony )",Postępowanie zgodnie z regulacjami,ODZ,
68,Obowiązki informacyjne,"Quality Score (ocena jakości rozmowy), Missed Information Rate ( wskaźnik brakujących elementów  w rozmowie )",KONTROLA,,1,"Czy Doradcy prawidłowo odczytują wymagane oświadczenia do procesu: MZI, APK, Regułka o Agencie, oswiadczenia do e2e",ustalenie,"frazy-binary, baza-wektorowa-produkty, baza-wektorowa-oświadczenia,service","Czy doradcy prawidłowo odczytują wymagane oświadczenia (MZI, APK, Regułka o Agencie, oświadczenia e2e) i używają pełnych nazw produktów?",Doradcy nie odczytują w pełni poprawnie wszystkich oświadczeń lub nie podają pełnej nazwy produktu np. karta zamiast karta kredytowa,Postepowanie zgodnie z regulacjami,ODZ,
69,Ubezpieczenia ,"Quality Score (ocena jakości rozmowy), Missed Information Rate ( wskaźnik brakujących elementów  w rozmowie )",KONTROLA,,1,Czy Doradcy dążą do finalizacji w jednej rozmowie,,"frazy-binary,  ubezpieczenia, ofertowanie","Czy doradcy dążą do finalizacji sprzedaży ubezpieczenia w jednej rozmowie, zamiast odsyłać klienta do BBC lub prosić o zastanowienie",Doradcy często polecają bbc wysyłaja oferty na maila i sami proponują zastanowienie się,Zwiększenie wolumenu sprzedaży,ODZ,
70,Obowiązki informacyjne,"Quality Score (ocena jakości rozmowy), Missed Information Rate ( wskaźnik brakujących elementów  w rozmowie )",KONTROLA,,1,Czy Doradcy prawidłowo wykonuja identyfikację quizową ,,"frazy-binary, obowiązki-informacyjne, service","Czy doradcy  wykonują identyfikację quizową (potwierdzają nazwisko, numer telefonu, miejscowość, adres e-mail) przed wysłaniem kodu SMS?","Doradcy nie potwierdzją nazwiska Klienta, numeru tel przed wysyłka sms kodu, oraz przyjmuja błedną miejscowośc z adresu, adres mailowy",Złamanie tajemnicy bankowej,ODZ,
71,Ilość propozycji mobilnej autoryzacji,"CSAT (satysfakcja klienta), FCR, NPS",PROCES,,1,"Mniejsza niż oczekiwana liczba klientów, którzy są zweryfikowani MA",,"frazy-binary, mobilna-autoryzacja, self-service",Czy doradca proponuje mobilną autoryzację (MA) w rozmowach,Czy doradca zaproponował MA,Zwiększenie MA,ODZ,
72,Propozycje PSK,"FCR, NPS",PROCES,,3,Duża ilość nieaktualnych lub brak ankiety u klientów,"Prośba o doprecyzowanie, czy chodzi o propozycje wypełnienia psk?","service, frazy-binary, kyc,nps","Czy doradca proponuje mobilną autoryzację (MA) podczas weryfikacji PSK? Proszę o wyjaśnienie, czym jest PSK.",Weryfikacja czy doradca zaproponował MA,Wzrost zrealizowanych ankiet,ODZ,
73,Aktualizacja danych,"CSAT (satysfakcja klienta), FCR, NPS",PROCES,,2,Nieaktualne dane = brak możlwiosci sprzedaży (dowód),,"frazy-binary,kyc,nps, service","Czy doradcy, widząc komunikat w systemie, informują klienta o konieczności aktualizacji danych (np. dowodu)?",Czy doradcy widząc komunikat informują o konieczności aktualizacji.,Większa liczba klinentów z aktualnymi danymi w bazach co wpłynie na dostepnosć oferty.,ODZ,
74,Proces kredytowy i oferta,NPS,PROCES,,2,Konkurencyjność innych banków,wieloetapowe:4,"frazy-binary, frazy-ekstrakcja,frazy-clustering,llm-podsumowanie, opinie, kredyt-got, ofertowanie,nps",Analiza wypowiedzi klientów na temat oferty kredytu oraz postrzegania konkurencji; jakie opinie i frazy pojawiają się w rozmowach?,Opinie klientów na temat oferty,Personalizacja oferty dla klienta w BBC,ODZ,
75,Retencja Select,"NPS, uproduktownienie",PROCES,,2,Rezygnacja klientów z produktów,prośba o doprecyzowanie,"frazy-binary, retencja, select, utrzymanie",Czy doradca korzysta z kompetencji retencyjnych w rozmowach z klientami Select w celu utrzymania produktu?,Czy doradca korzysta z komptencji retencyjnych (utrzymanie select),Utrzymanie produktów w Linii Select,Select,
76,Screenscharing,"Quality Score (ocena jakości rozmowy), Missed Information Rate ( wskaźnik brakujących elementów  w rozmowie )",KONTROLA,,1,Doradcy nie wykorzystują potencjału,,"frazy-binary, screensharing, service","Czy doradca proponuje lub mógł wykorzystać funkcję screensharing podczas rozmowy, aby pomóc klientowi?",Czy doradca zaproponował/ mógł wykorzystać SSCH.,"Wzrost sprzedaży, doradca widząć ekran klienta może wyeliminować błędy",ODZ,
77,Produkty inwestycyjne,"Quality Score (ocena jakości rozmowy), Missed Information Rate ( wskaźnik brakujących elementów  w rozmowie )",KONTROLA,,2,"Zakończenie rozmowy na etapy wachlarza lub ankiety, nie dokończenie zakupu.",wieloetapowe:3 (opcjonalnie 4 z podsumowaniem llm) - prośba o doprecyzowanie czym jest wachlarz,"frazy-binary, frazy-ekstrakcja, frazy-clustering, inwestycje, rezygnacja","Analiza rozmów o produktach inwestycyjnych, w których klient nie finalizuje zakupu; jakie powody i frazy pojawiają się na etapie ankiety lub wachlarza?",Dlaczego klient nie skorzystał z oferty?,Wzrost sprzedaży produktów inwestycyjnych,Select/ PB,
78,Zastrzeżony/ zablokowany pesel,"Quality Score (ocena jakości rozmowy), Missed Information Rate ( wskaźnik brakujących elementów  w rozmowie )",KONTROLA,,1,Duża liczba utraconych wniosków kredytowych w BBC,wieloetapowe:3 - co tutaj analizujemy - prośba o doprecyzowanie,"frazy-binary, frazy-ekstrakcja, frazy-clustering, kredyt-got, ofertowanie","Analiza rozmów, w których wniosek kredytowy zostaje utracony z powodu zastrzeżonego lub zablokowanego PESEL; jakie sformułowania padają i czy istnieje potencjał na odzyskanie sprzedaży?",Potencjał na odzyskanie sprzedaży,Spadek ilosci utraconych wniosków,ODZ,
79,Procesy obsługowe na Linii Select ,SL,PROCES,,1,Zbyt niski SL,"wieloetapowe:2 - prośba o zdefiniowanie zadania, doprecyzowanie","service, procesy-analiza, segmentacja-procesów, select, vb","Analiza skali procesów obsługowych na linii Select; identyfikacja powtarzających się procesów, które można przekierować na VB (VoiceBot).","Skale procesów, weryfikacja czy procesy się powtarzają i które można przekierować na VB","Wyższy SL, klient załatwia swoja sprawę szybciej, zwiększenie efektywności doradcy",Select,
80,Karty kontrolne ,"Quality Score (ocena jakości rozmowy), Missed Information Rate ( wskaźnik brakujących elementów  w rozmowie )",KONTROLA,,1,Niska skala kontroli,"wieloetapowe:4 - prośba o zdefiniowanie zadania, doprecyzowanie","kontrola, automatyzacja, analiza-wydajności, scoring","Czy możemy przenieść karty kontrolne na automat, aby zwiększyć skalę kontroli i zidentyfikować doradców z najsłabszymi wynikami?","Przeniesienie kontroli na automat by zwiększyć jej skalę i zweryfikować, którzy wypadają najgorzej.",Poprawa wyników kontroli w ODZ,ODZ,
81,Przelewy podobnie jak OPPT,SL,PROCES,,2,Chemy żeby klient mógł samodzielnie potwierdzić ilość zlecone przelewy (dostepnosć w innych bankach),"potrzeba doprecyzowania, co oznacza OPPT i jaki jest cel zadania","przelewy, self-service, blokady",Czy klient może samodzielnie potwierdzić liczbę zleconych przelewów i jakie są przeszkody (np. blokady)? ,Zasadność blokad,"efektywność doradcy, przekierowanie odblokowywania do voice bota",ODZ,
82,Główne powody odsyłania klientów do Oddziału,NPS,PROCES,,1,Tracimy potencjalnego klienta,wieloetapowe:3 - duplikat wiersz 29,"frazy-binary, frazy-ekstrakcja, frazy-clustering, jdg, kredyt-got, nps",Zidentyfikować główne powody odsyłania klientów do oddziału (np. w kontekście kredytu dla JDG) poprzez analizę fraz w rozmowach i pogrupować je.,kredyt dla jdg,wzrost sprzedaży w ODZ,ODZ,
83,Aktualizacja dowodu na telefonie ,"CSAT (satysfakcja klienta), FCR, NPS",PROCES,,2,"Doradcy nie korzystaja z procesu, klienci nie są poinformowani",,"frazy-binary,kyc, service","Czy doradcy proponują aktualizację dowodu na telefonie podczas rozmów, informując klienta o takiej możliwości?",czy doradcy proponują aktualizację,aktualizascja danych = możliwosć skorzystania z oferty,ODZ,
84,Ubezpieczenia,"SR (Sales Revenue), SV (Sales Volumen)",BIZNES,,2,"Mała ilość zagajeń u doradców sprzedażowych, misseling",wieloetapowe:2,"frazy-binary, baza-wektorowa-oswiadczenia(procedury), misselling","Czy doradcy przedstawiają ofertę ubezpieczenia, a jeśli tak, czy robią to zgodnie z procedurą (unikając missellingu)? Zidentyfikować sformułowania sprzedażowe.","czy doradcy przedstawiają ofertę, a jeśli tak to czy robią to zgodnie z procedurą","większa sprzedaż produktów ubezpieczeniowych, brak konsekwencji regulatora w przypadku ewentualnych kontroli ",ODZ,
85,Pozyskiwanie dat końca polis,"Quality Score (ocena jakości rozmowy), Missed Information Rate ( wskaźnik brakujących elementów  w rozmowie )",KONTROLA,,2,Niska ilość miesięczna dat końca polis,,"frazy-binary, ubezpieczenia",Czy doradcy pytają klientów o datę końca polisy ubezpieczeniowej,Czy doradcy pytają o datę końca polisy ,Zwiększona ilość zostawionych dat końca polis,,
86,Propozycja dodatkowego produktu w kampaniach ubezpieczeniowych,"Quality Score (ocena jakości rozmowy), Missed Information Rate ( wskaźnik brakujących elementów  w rozmowie )",BIZNES,,1,Niska sprzedaż ,,"frazy-binary, ubezpieczenia, kampania, cross-sell","W kampaniach ubezpieczeniowych, czy doradcy proponują klientom dodatkowy produkt?",,,,